id,division,venue,dt,home_team,away_team,courts,home_authorised,away_authorised,home_captain,away_captain,played,home_rubbers,away_rubbers,drawn_rubbers,home_games,away_games,home_points,away_points,home_attendence,away_attendence,home_PTS,away_PTS,status,confirmed,key,submitted_by,submitted_dt,confirmed_by,confirmed_dt,
1,26,1,13.12.2015 20:00:00,141,144,2,,,,,141,5,1,0,10,2,244,184,4,4,3,1,0,3,,0,,,
2,26,1,18.10.2015 20:00:00,141,143,2,,,,,141,5,1,0,10,3,257,179,4,4,3,1,0,3,,0,,,
3,26,1,06.12.2015 20:00:00,141,140,2,,,,,-1,3,3,0,7,6,235,229,4,4,2,2,0,3,,0,,,
4,26,1,26.04.2016 20:00:00,141,142,2,,,,,142,0,6,0,1,12,227,265,4,4,1,3,0,3,,0,,,
5,26,1,20.03.2016 20:00:00,141,138,2,,,,,-1,3,3,0,8,6,255,215,4,4,2,2,0,3,,0,,,
6,26,1,15.11.2015 20:00:00,141,139,2,,,,,141,4,2,0,8,5,249,223,4,4,3,1,0,3,,0,,,
7,26,16,27.01.2016 19:30:00,144,141,2,,,,,141,1,5,0,2,11,203,274,4,4,1,3,0,3,,0,,,
8,26,16,02.03.2016 19:30:00,144,143,2,,,,,143,0,6,0,1,12,183,270,4,4,1,3,0,3,,0,,,
9,26,16,25.11.2015 19:30:00,144,140,2,,,,,140,2,4,0,5,10,237,297,4,4,1,3,0,3,,0,,,
10,26,16,13.04.2016 19:30:00,144,142,2,,,,,142,1,5,0,3,10,193,262,4,4,1,3,0,3,,0,,,
11,26,16,11.05.2016 19:30:00,144,138,2,,,,,138,1,5,0,3,11,191,289,4,4,1,3,0,3,,0,,,
12,26,16,14.10.2015 19:30:00,144,139,2,,,,,139,1,5,0,4,10,229,260,4,4,1,3,0,3,,0,,,
13,26,17,18.01.2016 20:00:00,143,141,2,,,,,143,5,1,0,10,2,239,205,4,4,3,1,0,3,,0,,,
14,26,17,25.04.2016 20:00:00,143,144,2,,,,,143,4,2,0,8,4,229,180,4,4,3,1,0,3,,0,,,
15,26,17,18.04.2016 20:00:00,143,140,2,,,,,143,4,2,0,9,5,268,223,4,4,3,1,0,3,,0,,,
16,26,17,07.12.2015 20:00:00,143,142,2,,,,,-1,3,3,0,6,8,240,275,4,4,2,2,0,3,,0,,,
17,26,17,07.03.2016 20:00:00,143,138,2,,,,,143,4,2,0,8,5,267,234,4,4,3,1,0,3,,0,,,
18,26,17,21.03.2016 20:00:00,143,139,2,,,,,143,4,2,0,9,4,253,190,4,4,3,1,0,3,,0,,,
19,26,1,11.01.2016 20:00:00,140,141,2,,,,,-1,3,3,0,6,6,204,217,4,4,2,2,0,3,,0,,,
20,26,1,22.02.2016 20:00:00,140,144,2,,,,,140,6,0,0,12,2,292,208,4,4,3,1,0,3,,0,,,
21,26,1,13.04.2016 20:00:00,140,143,2,,,,,143,2,4,0,4,8,215,235,4,4,1,3,0,3,,0,,,
22,26,1,05.10.2015 20:00:00,140,142,2,,,,,-1,3,3,0,6,6,220,219,4,4,2,2,0,3,,0,,,
23,26,1,26.10.2015 20:00:00,140,138,2,,,,,138,0,6,0,2,12,201,285,4,4,1,3,0,3,,0,,,
24,26,1,25.04.2016 20:00:00,140,139,2,,,,,-1,3,3,0,8,8,281,290,4,4,2,2,0,3,,0,,,
25,26,1,08.03.2016 20:00:00,142,141,2,,,,,-1,3,3,0,8,6,245,242,4,4,2,2,0,3,,0,,,
26,26,1,12.01.2016 20:00:00,142,144,2,,,,,-1,3,3,0,8,6,261,235,4,4,2,2,0,3,,0,,,
27,26,1,23.02.2016 20:00:00,142,143,2,,,,,-1,3,3,0,7,6,251,231,4,4,2,2,0,3,,0,,,
28,26,1,02.02.2016 20:00:00,142,140,2,,,,,140,0,6,0,0,12,0,252,0,0,0,3,-1,3,,0,,,
29,26,1,20.10.2015 20:00:00,142,138,2,,,,,138,1,5,0,4,11,250,276,4,4,1,3,0,3,,0,,,
30,26,1,27.10.2015 20:00:00,142,139,2,,,,,-1,3,3,0,9,7,267,292,4,4,2,2,0,3,,0,,,
31,26,18,25.11.2015 19:30:00,138,141,2,,,,,138,5,1,0,10,3,259,208,4,4,3,1,0,3,,0,,,
32,26,18,16.03.2016 19:30:00,138,144,2,,,,,138,6,0,0,12,0,252,156,4,4,3,1,0,3,,0,,,
33,26,18,18.11.2015 19:30:00,138,143,2,,,,,138,6,0,0,12,1,274,189,4,4,3,1,0,3,,0,,,
34,26,18,10.02.2016 19:30:00,138,140,2,,,,,138,5,1,0,11,4,300,236,4,4,3,1,0,3,,0,,,
35,26,18,20.01.2016 19:30:00,138,142,2,,,,,138,6,0,0,12,0,252,176,4,4,3,1,0,3,,0,,,
36,26,18,07.10.2015 19:30:00,138,139,2,,,,,138,5,1,0,10,3,227,196,4,4,3,1,0,3,,0,,,
37,26,1,11.02.2016 20:00:00,139,141,2,,,,,-1,3,3,0,6,7,251,256,4,4,2,2,0,3,,0,,,
38,26,1,03.02.2016 20:00:00,139,144,2,,,,,139,6,0,0,12,4,320,256,4,4,3,1,0,3,,0,,,
39,26,1,05.11.2015 20:00:00,139,143,2,,,,,143,1,5,0,3,10,218,260,4,4,1,3,0,3,,0,,,
40,26,1,24.09.2015 20:00:00,139,140,2,,,,,140,2,4,0,6,10,274,324,4,4,1,3,0,3,,0,,,
41,26,1,18.02.2016 20:00:00,139,142,2,,,,,139,4,2,0,9,6,286,252,4,4,3,1,0,3,,0,,,
42,26,1,14.01.2016 20:00:00,139,138,2,,,,,-1,3,3,0,6,8,239,259,4,4,2,2,0,3,,0,,,
43,27,28,28.02.2016 17:00:00,146,149,2,,,,,146,6,0,0,12,0,252,141,4,4,3,1,0,3,,0,,,
44,27,28,10.03.2016 17:00:00,146,148,2,,,,,146,6,0,0,12,1,271,163,4,4,3,1,0,3,,0,,,
45,27,28,03.04.2016 17:00:00,146,150,2,,,,,146,5,1,0,11,3,281,219,4,4,3,1,0,3,,0,,,
46,27,28,04.10.2015 17:00:00,146,145,2,,,,,-1,3,3,0,7,8,268,263,4,4,2,2,0,3,,0,,,
47,27,28,18.10.2015 17:00:00,146,147,2,,,,,146,6,0,0,12,0,252,139,4,4,3,1,0,3,,0,,,
48,27,19,07.12.2015 19:30:00,149,146,2,,,,,146,0,6,0,1,12,137,271,4,4,1,3,0,3,,0,,,
49,27,19,02.11.2015 19:30:00,149,148,2,,,,,148,1,5,0,3,11,225,284,4,4,1,3,0,3,,0,,,
50,27,19,21.03.2016 19:30:00,149,150,2,,,,,150,2,4,0,5,10,250,296,4,4,1,3,0,3,,0,,,
52,27,19,08.02.2016 19:30:00,149,145,2,,,,,145,0,6,0,2,12,182,293,4,4,1,3,0,3,,0,,,
53,27,19,30.11.2015 19:30:00,149,147,2,,,,,147,2,4,0,8,8,283,275,4,4,1,3,0,3,,0,,,
54,27,20,11.02.2016 19:45:00,148,146,2,,,,,-1,3,3,0,7,6,218,240,4,4,2,2,0,3,,0,,,
55,27,20,14.03.2016 19:45:00,148,149,2,,,,,148,6,0,0,12,0,254,138,4,4,3,1,0,3,,0,,,
56,27,20,28.01.2016 19:45:00,148,150,2,,,,,148,5,1,0,10,4,274,213,4,4,3,1,0,3,,0,,,
57,27,20,26.11.2015 19:45:00,148,145,2,,,,,148,4,2,0,8,4,221,202,4,4,3,1,0,3,,0,,,
58,27,20,01.10.2015 19:45:00,148,147,2,,,,,148,6,0,0,12,0,252,162,4,4,3,1,0,3,,0,,,
59,27,21,15.04.2016 19:30:00,150,146,2,,,,,146,0,6,0,2,12,210,287,4,4,1,3,0,3,,0,,,
60,27,21,08.01.2016 19:30:00,150,149,2,,,,,150,6,0,0,12,1,267,181,4,4,3,1,0,3,,0,,,
61,27,21,04.12.2015 19:30:00,150,148,2,,,,,150,4,2,0,9,4,243,192,4,4,3,1,0,3,,0,,,
62,27,21,12.02.2016 19:30:00,150,145,2,,,,,145,1,5,0,4,11,251,281,4,4,1,3,0,3,,0,,,
63,27,21,30.10.2015 19:30:00,150,147,2,,,,,-1,3,3,0,9,6,274,273,4,4,2,2,0,3,,0,,,
64,27,1,08.11.2015 20:00:00,145,146,2,,,,,146,2,4,0,5,9,244,276,4,4,1,3,0,3,,0,,,
65,27,1,15.11.2015 20:00:00,145,149,2,,,,,145,6,0,0,12,0,252,145,4,4,3,1,0,3,,0,,,
66,27,1,17.01.2016 20:00:00,145,148,2,,,,,145,5,1,0,11,4,286,200,4,4,3,1,0,3,,0,,,
67,27,1,06.03.2016 20:00:00,145,150,2,,,,,145,6,0,0,12,1,271,188,4,4,3,1,0,3,,0,,,
68,27,1,24.01.2016 20:00:00,145,147,2,,,,,145,6,0,0,12,0,252,153,4,4,3,1,0,3,,0,,,
69,27,19,07.01.2016 19:30:00,147,146,2,,,,,146,0,6,0,1,12,181,271,4,4,1,3,0,3,,0,,,
70,27,19,11.01.2016 19:30:00,147,149,2,,,,,147,4,2,0,8,4,236,210,4,4,3,1,0,3,,0,,,
71,27,19,14.04.2016 19:30:00,147,148,2,,,,,148,2,4,0,6,9,260,284,4,4,1,3,0,3,,0,,,
72,27,19,18.02.2016 19:30:00,147,150,2,,,,,150,2,4,0,5,10,251,284,4,4,1,3,0,3,,0,,,
73,27,19,15.10.2015 19:30:00,147,145,2,,,,,-1,3,3,0,6,6,199,202,4,4,2,2,0,3,,0,,,
74,28,1,21.02.2016 19:00:00,156,157,2,,,,,156,5,4,0,13,9,419,269,6,6,3,1,0,3,,0,,,
75,28,1,06.12.2015 19:00:00,156,155,2,,,,,156,5,4,0,12,12,430,456,6,6,3,1,0,3,,0,,,
76,28,1,15.11.2015 19:00:00,156,153,2,,,,,153,0,9,0,0,18,240,378,6,6,1,3,0,3,,0,,,
77,28,1,04.10.2015 19:00:00,156,151,2,,,,,151,2,7,0,4,15,291,382,6,6,1,3,0,3,,0,,,
78,28,1,29.11.2015 19:00:00,156,152,2,,,,,152,3,6,0,7,14,338,414,6,6,1,3,0,3,,0,,,
79,28,1,18.10.2015 19:00:00,156,154,2,,,,,154,2,7,0,5,15,347,396,6,6,1,3,0,3,,0,,,
80,28,22,06.11.2015 19:30:00,157,156,2,,,,,156,3,6,0,8,13,387,396,6,6,1,3,0,3,,0,,,
81,28,22,02.10.2015 19:30:00,157,154,2,,,,,154,3,6,0,8,13,354,391,6,6,1,3,0,3,,0,,,
82,28,22,30.10.2015 19:30:00,157,155,2,,,,,155,4,5,0,10,12,351,401,6,6,1,3,0,3,,0,,,
83,28,22,29.04.2016 19:30:00,157,153,2,,,,,153,3,6,0,6,12,278,255,6,4,1,2,0,3,,0,,,
84,28,22,16.10.2015 19:30:00,157,151,2,,,,,151,1,8,0,4,16,306,402,6,6,1,3,0,3,,0,,,
85,28,22,25.09.2015 19:30:00,157,152,2,,,,,152,1,8,0,6,16,364,456,6,6,1,3,0,3,,0,,,
86,28,17,14.03.2016 20:00:00,154,156,2,,,,,154,8,1,0,17,5,444,332,6,6,3,1,0,3,,0,,,
87,28,25,18.01.2016 20:00:00,154,157,2,,,,,154,6,3,0,14,6,395,312,6,6,3,1,0,3,,0,,,
88,28,17,04.04.2016 20:00:00,154,155,2,,,,,154,8,1,0,17,4,425,300,6,6,3,1,0,3,,0,,,
89,28,17,25.04.2016 20:00:00,154,153,2,,,,,153,3,6,0,7,14,332,409,6,6,1,3,0,3,,0,,,
90,28,17,11.04.2016 20:00:00,154,151,2,,,,,151,2,7,0,7,14,375,426,6,6,1,3,0,3,,0,,,
91,28,17,19.11.2015 20:00:00,154,152,2,,,,,152,4,5,0,9,11,371,372,6,6,1,3,0,3,,0,,,
92,28,1,13.01.2016 20:00:00,155,156,2,,,,,156,3,6,0,6,14,326,382,6,6,1,3,0,3,,0,,,
93,28,1,06.01.2016 20:00:00,155,154,2,,,,,154,0,9,0,2,18,315,423,6,6,1,3,0,3,,0,,,
94,28,1,01.02.2016 19:15:00,155,157,2,,,,,155,5,4,0,13,10,443,388,6,6,3,1,0,3,,0,,,
95,28,1,23.11.2015 20:00:00,155,153,2,,,,,153,3,6,0,7,12,306,364,6,6,1,3,0,3,,0,,,
96,28,1,10.02.2016 20:00:00,155,151,2,,,,,151,1,8,0,3,16,304,390,6,6,1,3,0,3,,0,,,
97,28,1,07.10.2015 20:00:00,155,152,2,,,,,152,2,7,0,5,15,349,407,6,6,1,3,0,3,,0,,,
98,28,23,08.03.2016 20:00:00,153,156,2,,,,,153,9,0,0,18,1,400,259,6,6,3,1,0,3,,0,,,
99,28,23,16.03.2016 20:00:00,153,157,2,,,,,153,9,0,0,18,1,396,244,6,6,3,1,0,3,,0,,,
100,28,23,13.04.2016 20:00:00,153,154,2,,,,,153,8,1,0,16,6,448,360,6,6,3,1,0,3,,0,,,
101,28,23,19.04.2016 20:00:00,153,155,2,,,,,153,9,0,0,18,0,378,195,6,6,3,1,0,3,,0,,,
102,28,23,20.10.2015 20:00:00,153,151,2,,,,,151,2,7,0,9,14,407,427,6,6,1,3,0,3,,0,,,
103,28,23,15.09.2015 20:00:00,153,152,2,,,,,153,9,0,0,18,4,436,367,6,6,3,1,0,3,,0,,,
104,28,24,08.02.2016 19:30:00,151,156,2,,,,,151,9,0,0,18,0,378,0,0,0,3,0,-1,3,,0,,,
106,28,24,29.02.2016 19:30:00,151,157,2,,,,,151,9,0,0,18,1,403,302,6,6,3,1,0,3,,0,,,
107,28,24,02.11.2015 19:30:00,151,154,2,,,,,151,6,3,0,13,11,433,436,6,6,3,1,0,3,,0,,,
108,28,24,28.09.2015 19:30:00,151,155,2,,,,,151,6,3,0,14,7,418,363,6,6,3,1,0,3,,0,,,
109,28,24,22.02.2016 19:30:00,151,153,2,,,,,151,6,3,0,14,8,437,377,6,6,3,1,0,3,,0,,,
110,28,24,07.03.2016 19:30:00,151,152,2,,,,,151,8,1,0,17,3,409,331,6,6,3,1,0,3,,0,,,
111,28,1,23.03.2016 20:00:00,152,156,2,,,,,152,7,2,0,15,6,415,378,6,6,3,1,0,3,,0,,,
112,28,1,03.12.2015 20:00:00,152,157,2,,,,,152,8,1,0,17,6,431,392,6,6,3,1,0,3,,0,,,
113,28,1,22.03.2016 20:00:00,152,154,2,,,,,154,4,5,0,9,12,375,400,6,6,1,3,0,3,,0,,,
114,28,1,12.04.2016 20:00:00,152,155,2,,,,,152,9,0,0,18,2,411,262,6,6,3,1,0,3,,0,,,
115,28,1,19.01.2016 20:00:00,152,153,2,,,,,153,3,6,0,9,14,410,452,6,6,1,3,0,3,,0,,,
116,28,1,01.10.2015 20:00:00,152,151,2,,,,,151,3,6,0,7,13,374,390,6,6,1,3,0,3,,0,,,
117,29,28,24.04.2016 20:00:00,159,161,2,,,,,159,6,3,0,14,6,393,333,6,6,3,1,0,3,,0,,,
118,29,28,28.02.2016 17:00:00,159,166,2,,,,,159,9,0,0,18,2,416,227,6,6,3,1,0,3,,0,,,
119,29,28,24.04.2016 17:00:00,159,160,2,,,,,159,5,4,0,13,9,403,367,6,6,3,1,0,3,,0,,,
120,29,28,27.09.2015 17:00:00,159,163,2,,,,,159,7,2,0,15,5,400,334,6,6,3,1,0,3,,0,,,
121,29,28,04.10.2015 17:00:00,159,158,2,,,,,159,5,4,0,11,9,369,345,6,6,3,1,0,3,,0,,,
122,29,28,25.09.2015 17:00:00,159,162,2,,,,,159,7,2,0,14,6,379,339,6,6,3,1,0,3,,0,,,
123,29,28,18.10.2015 17:00:00,159,164,2,,,,,159,9,0,0,18,0,379,239,6,6,3,1,0,3,,0,,,
124,29,28,29.11.2015 17:00:00,159,165,2,,,,,159,9,0,0,18,1,398,200,6,4,3,0,0,3,,0,,,
125,29,19,24.02.2016 19:30:00,161,159,2,,,,,159,4,5,0,8,11,325,351,6,6,1,3,0,3,,0,,,
126,29,19,04.11.2015 19:30:00,161,160,2,,,,,160,3,6,0,9,14,399,416,6,6,1,3,0,3,,0,,,
127,29,19,23.03.2016 19:30:00,161,163,2,,,,,161,5,4,0,12,10,398,380,6,6,3,1,0,3,,0,,,
128,29,19,18.11.2015 19:30:00,161,158,2,,,,,158,4,5,0,8,14,397,431,6,6,1,3,0,3,,0,,,
129,29,19,16.09.2015 19:30:00,161,162,2,,,,,161,5,4,0,11,10,388,396,6,6,3,1,0,3,,0,,,
130,29,19,02.12.2015 19:30:00,161,164,2,,,,,161,8,1,0,16,3,387,245,6,6,3,1,0,3,,0,,,
131,29,19,21.10.2015 19:30:00,161,165,2,,,,,161,9,0,0,18,3,424,238,6,4,3,0,0,3,,0,,,
134,29,22,09.10.2015 19:30:00,166,159,2,,,,,159,2,7,0,5,15,294,394,6,6,1,3,0,3,,0,,,
135,29,22,01.04.2016 19:30:00,166,161,2,,,,,166,6,3,0,13,7,393,370,6,6,3,1,0,3,,0,,,
136,29,22,08.01.2016 19:30:00,166,160,2,,,,,160,0,9,0,4,18,344,441,6,6,1,3,0,3,,0,,,
137,29,22,08.04.2016 19:30:00,166,163,2,,,,,163,4,5,0,10,11,379,409,6,6,1,3,0,3,,0,,,
138,29,22,22.01.2016 19:30:00,166,158,2,,,,,158,0,9,0,2,18,340,421,6,6,1,3,0,3,,0,,,
139,29,22,06.11.2015 19:30:00,166,162,2,,,,,162,1,8,0,3,16,243,383,6,6,1,3,0,3,,0,,,
140,29,22,25.09.2015 19:30:00,166,164,2,,,,,166,9,0,0,18,1,404,313,6,6,3,1,0,3,,0,,,
141,29,22,12.02.2016 19:30:00,166,165,2,,,,,165,3,6,0,7,12,313,276,6,4,1,2,0,3,,0,,,
142,29,20,11.02.2016 19:45:00,160,159,2,,,,,159,3,6,0,8,12,351,381,6,6,1,3,0,3,,0,,,
143,29,20,18.02.2016 19:45:00,160,161,2,,,,,161,4,5,0,11,11,421,397,6,6,1,3,0,3,,0,,,
144,29,20,28.01.2016 19:45:00,160,166,2,,,,,160,9,0,0,18,2,408,277,6,6,3,1,0,3,,0,,,
145,29,20,01.10.2015 19:45:00,160,163,2,,,,,160,7,2,0,15,6,430,344,6,6,3,1,0,3,,0,,,
146,29,20,26.11.2015 19:45:00,160,158,2,,,,,158,3,6,0,8,14,382,414,6,6,1,3,0,3,,0,,,
147,29,20,03.12.2015 19:45:00,160,162,2,,,,,160,6,3,0,12,7,350,311,6,6,3,1,0,3,,0,,,
148,29,20,15.10.2015 19:45:00,160,164,2,,,,,160,9,0,0,18,0,378,185,6,6,3,1,0,3,,0,,,
149,29,20,29.10.2015 19:45:00,160,165,2,,,,,160,8,1,0,16,5,417,330,6,6,3,1,0,3,,0,,,
150,29,25,08.01.2016 20:00:00,163,159,2,,,,,159,2,7,0,5,15,311,405,6,6,1,3,0,3,,0,,,
151,29,25,23.10.2015 20:00:00,163,161,2,,,,,163,5,4,0,11,8,338,333,6,6,3,1,0,3,,0,,,
152,29,25,22.04.2016 20:00:00,163,166,2,,,,,163,9,0,0,18,2,419,258,6,4,3,0,0,3,,0,,,
153,29,25,18.12.2015 20:00:00,163,160,2,,,,,160,2,7,0,6,16,360,430,6,6,1,3,0,3,,0,,,
154,29,25,16.10.2015 20:00:00,163,158,2,,,,,163,5,4,0,10,8,314,321,6,6,3,1,0,3,,0,,,
155,29,25,15.01.2016 20:00:00,163,162,2,,,,,162,1,8,0,5,17,359,444,6,6,1,3,0,3,,0,,,
156,29,25,15.04.2016 20:00:00,163,164,2,,,,,163,9,0,0,18,1,395,287,6,6,3,1,0,3,,0,,,
157,29,25,09.10.2015 20:00:00,163,165,2,,,,,163,7,2,0,14,6,396,326,6,6,3,1,0,3,,0,,,
158,29,1,08.11.2015 19:00:00,158,159,2,,,,,158,5,4,0,12,8,378,359,6,6,3,1,0,3,,0,,,
159,29,1,13.12.2015 19:00:00,158,161,2,,,,,158,7,2,0,14,4,350,275,6,6,3,1,0,3,,0,,,
160,29,1,20.03.2016 19:00:00,158,166,2,,,,,158,9,0,0,18,0,378,0,0,0,3,0,-1,3,,0,,,
161,29,1,17.01.2016 19:00:00,158,160,2,,,,,158,8,1,0,17,7,478,404,6,6,3,1,0,3,,0,,,
162,29,1,13.03.2016 19:00:00,158,163,2,,,,,158,7,2,0,15,7,428,358,6,6,3,1,0,3,,0,,,
163,29,1,06.03.2016 19:00:00,158,162,2,,,,,158,5,4,0,11,8,335,336,6,6,3,1,0,3,,0,,,
164,29,1,10.01.2016 19:00:00,158,164,2,,,,,158,9,0,0,18,1,403,201,6,6,3,1,0,3,,0,,,
165,29,1,06.12.2015 19:00:00,158,165,2,,,,,158,8,1,0,17,5,451,347,6,6,3,1,0,3,,0,,,
166,29,17,14.12.2015 20:00:00,162,159,2,,,,,159,1,8,0,4,17,317,413,6,6,1,3,0,3,,0,,,
167,29,17,05.10.2015 20:00:00,162,161,3,,,,,162,5,4,0,10,8,333,325,6,6,3,1,0,3,,0,,,
168,29,17,14.03.2016 20:00:00,162,166,3,,,,,162,8,1,0,17,4,427,255,6,4,3,0,0,3,,0,,,
169,29,17,01.02.2016 20:00:00,162,160,3,,,,,162,5,4,0,12,10,406,395,6,6,3,1,0,3,,0,,,
170,29,17,22.02.2016 20:00:00,162,163,3,,,,,162,8,1,0,16,6,440,341,6,6,3,1,0,3,,0,,,
171,29,17,12.10.2015 20:00:00,162,158,3,,,,,158,4,5,0,9,10,344,340,6,6,1,3,0,3,,0,,,
172,29,17,23.11.2015 20:00:00,162,164,3,,,,,162,9,0,0,18,0,378,213,6,6,3,1,0,3,,0,,,
173,29,17,16.11.2015 20:00:00,162,165,3,,,,,162,5,4,0,11,9,365,366,6,6,3,1,0,3,,0,,,
174,29,19,10.03.2016 19:30:00,164,159,2,,,,,159,0,9,0,1,18,231,392,6,6,1,3,0,3,,0,,,
175,29,19,28.01.2016 19:30:00,164,161,2,,,,,161,1,8,0,5,16,311,413,6,6,1,3,0,3,,0,,,
176,29,19,31.03.2016 19:30:00,164,166,2,,,,,166,1,8,0,5,17,329,446,6,6,1,3,0,3,,0,,,
177,29,19,12.11.2015 19:30:00,164,160,2,,,,,160,0,9,0,2,18,251,412,6,6,1,3,0,3,,0,,,
178,29,19,05.11.2015 19:30:00,164,163,2,,,,,163,4,5,0,9,13,386,402,6,6,1,3,0,3,,0,,,
179,29,19,29.10.2015 19:30:00,164,158,2,,,,,158,1,8,0,2,16,219,367,6,6,1,3,0,3,,0,,,
180,29,19,25.02.2016 19:30:00,164,162,2,,,,,162,0,9,0,0,18,232,379,6,6,1,3,0,3,,0,,,
181,29,19,01.10.2015 19:30:00,164,165,2,,,,,165,0,9,0,4,18,335,437,6,6,1,3,0,3,,0,,,
182,29,1,24.03.2016 20:00:00,165,159,2,,,,,159,1,8,0,4,17,350,437,6,6,1,3,0,3,,0,,,
183,29,1,04.02.2016 20:00:00,165,161,2,,,,,161,4,5,0,11,13,443,446,6,6,1,3,0,3,,0,,,
184,29,1,17.12.2015 20:00:00,165,166,2,,,,,166,0,9,0,0,18,0,378,0,0,0,3,-1,3,,0,,,
185,29,1,14.04.2016 20:00:00,165,160,2,,,,,160,0,9,0,0,18,0,378,0,0,0,3,-1,3,,0,,,
186,29,1,17.03.2016 20:00:00,165,163,2,,,,,165,6,3,0,13,6,354,319,6,6,3,1,0,3,,0,,,
187,29,1,07.04.2016 20:00:00,165,158,2,,,,,158,3,6,0,7,12,233,377,4,6,0,3,0,3,,0,,,
188,29,1,18.02.2016 20:00:00,165,162,2,,,,,165,6,3,0,13,9,424,410,6,6,3,1,0,3,,0,,,
189,29,1,21.01.2016 20:00:00,165,164,2,,,,,165,7,2,0,16,4,397,284,6,6,3,1,0,3,,0,,,
191,24,28,31.01.2016 17:00:00,129,125,2,,,,,129,5,4,0,12,10,412,376,6,6,3,1,0,3,,0,,,
192,24,28,11.10.2015 17:00:00,129,122,2,,,,,122,0,9,0,0,18,250,378,6,6,1,3,0,3,,0,,,
193,24,28,24.01.2016 17:00:00,129,123,2,,,,,123,4,5,0,9,12,379,407,6,6,1,3,0,3,,0,,,
194,24,28,13.03.2016 17:00:00,129,124,2,,,,,124,3,6,0,7,13,366,391,6,6,1,3,0,3,,0,,,
195,24,28,17.04.2016 17:00:00,129,126,2,,,,,126,4,5,0,10,14,425,473,6,6,1,3,0,3,,0,,,
196,24,28,20.09.2015 17:00:00,129,128,2,,,,,128,3,6,0,7,13,325,393,6,6,1,3,0,3,,0,,,
197,24,17,09.11.2015 20:00:00,127,124,2,,,,,127,8,1,0,16,5,411,352,6,6,3,1,0,3,,0,,,
198,24,17,05.10.2015 20:00:00,127,126,2,,,,,127,6,3,0,15,8,457,429,6,6,3,1,0,3,,0,,,
199,24,17,04.01.2016 20:00:00,127,128,2,,,,,127,8,1,0,16,4,399,289,6,6,3,1,0,3,,0,,,
200,24,1,14.10.2015 20:00:00,125,129,2,,,,,125,9,0,0,18,2,415,300,6,6,3,1,0,3,,0,,,
201,24,1,17.02.2016 20:00:00,125,127,2,,,,,127,3,6,0,9,13,388,410,6,6,1,3,0,3,,0,,,
202,24,1,30.11.2015 20:00:00,125,122,2,,,,,122,0,9,0,3,18,353,435,6,6,1,3,0,3,,0,,,
203,24,1,20.01.2016 20:00:00,125,123,2,,,,,123,3,6,0,7,13,319,379,6,6,1,3,0,3,,0,,,
204,24,1,02.11.2015 20:00:00,125,124,2,,,,,125,5,4,0,10,8,329,309,6,6,3,1,0,3,,0,,,
205,24,1,19.10.2015 19:15:00,125,126,2,,,,,126,3,6,0,8,12,383,377,6,6,1,3,0,3,,0,,,
206,24,1,08.02.2016 20:00:00,125,128,2,,,,,125,7,2,0,15,5,402,324,6,6,3,1,0,3,,0,,,
207,24,23,05.01.2016 20:00:00,122,129,2,,,,,122,9,0,0,18,2,413,304,6,6,3,1,0,3,,0,,,
208,24,23,01.03.2016 20:00:00,122,125,2,,,,,122,9,0,0,18,2,419,305,6,6,3,1,0,3,,0,,,
209,24,23,12.01.2016 20:00:00,122,123,2,,,,,122,8,1,0,16,6,440,355,6,6,3,1,0,3,,0,,,
210,24,23,09.02.2016 20:00:00,122,124,2,,,,,122,8,1,0,16,4,412,324,6,6,3,1,0,3,,0,,,
213,24,23,03.11.2015 20:00:00,122,128,2,,,,,122,9,0,0,18,1,398,240,6,6,3,1,0,3,,0,,,
214,24,24,14.09.2015 19:30:00,123,129,2,,,,,123,8,1,0,17,3,408,334,6,6,3,1,0,3,,0,,,
215,24,24,16.11.2015 19:30:00,123,125,2,,,,,123,5,4,0,11,10,394,360,6,6,3,1,0,3,,0,,,
216,24,24,07.12.2015 19:45:00,123,122,2,,,,,122,4,5,0,10,12,381,418,6,6,1,3,0,3,,0,,,
217,24,24,25.04.2016 19:30:00,123,124,2,,,,,123,6,3,0,14,10,473,441,6,6,3,1,0,3,,0,,,
218,24,24,01.02.2016 19:30:00,123,126,2,,,,,123,8,1,0,16,3,387,285,6,6,3,1,0,3,,0,,,
219,24,24,14.12.2015 19:30:00,123,128,2,,,,,123,8,1,0,16,5,422,317,6,6,3,1,0,3,,0,,,
221,24,1,04.02.2016 20:00:00,124,127,2,,,,,124,8,1,0,16,5,416,342,6,6,3,1,0,3,,0,,,
222,24,1,22.10.2015 20:00:00,124,129,2,,,,,124,9,0,0,18,2,420,301,6,6,3,1,0,3,,0,,,
223,24,1,26.01.2016 20:00:00,124,125,2,,,,,124,8,1,0,17,7,500,422,6,6,3,1,0,3,,0,,,
224,24,1,29.09.2015 20:00:00,124,122,2,,,,,122,0,9,0,3,19,361,463,6,6,1,3,0,3,,0,,,
225,24,1,17.03.2016 20:00:00,124,123,2,,,,,123,3,6,0,8,13,369,397,6,6,1,3,0,3,,0,,,
226,24,1,07.01.2016 20:00:00,124,126,2,,,,,124,8,1,0,17,2,388,283,6,6,3,1,0,3,,0,,,
227,24,1,01.03.2016 20:00:00,124,128,2,,,,,124,9,0,0,18,1,392,251,6,6,3,1,0,3,,0,,,
228,24,18,28.10.2015 19:30:00,126,129,2,,,,,129,4,5,0,9,12,382,398,6,6,1,3,0,3,,0,,,
229,24,18,27.01.2016 19:30:00,126,127,2,,,,,127,0,9,0,1,18,287,399,6,6,1,3,0,3,,0,,,
230,24,18,09.12.2015 19:30:00,126,125,2,,,,,125,4,5,0,9,10,297,340,6,6,1,3,0,3,,0,,,
231,24,18,23.03.2016 19:30:00,126,122,2,,,,,122,1,8,0,5,17,327,444,6,6,1,3,0,3,,0,,,
232,24,18,14.10.2015 19:30:00,126,123,2,,,,,123,4,5,0,11,12,416,437,6,6,1,3,0,3,,0,,,
233,24,18,11.11.2015 19:30:00,126,124,2,,,,,124,4,5,0,10,12,380,402,6,6,1,3,0,3,,0,,,
234,24,18,24.02.2016 19:30:00,126,128,2,,,,,128,4,5,0,11,12,438,431,6,6,1,3,0,3,,0,,,
235,24,1,31.03.2016 20:00:00,128,129,2,,,,,128,5,4,0,12,11,441,409,6,6,3,1,0,3,,0,,,
236,24,1,21.04.2016 20:00:00,128,125,2,,,,,125,1,8,0,5,16,357,420,6,6,1,3,0,3,,0,,,
237,24,1,28.01.2016 20:00:00,128,122,2,,,,,122,0,9,0,1,18,239,396,6,6,1,3,0,3,,0,,,
238,24,1,10.03.2016 20:00:00,128,123,2,,,,,123,3,6,0,7,12,295,350,6,6,1,3,0,3,,0,,,
239,24,1,19.11.2015 20:00:00,128,124,2,,,,,124,0,9,0,3,18,323,426,6,6,1,3,0,3,,0,,,
240,24,18,03.12.2015 20:00:00,128,126,2,,,,,126,3,6,0,8,14,362,399,6,6,1,3,0,3,,0,,,
241,25,1,10.04.2016 19:00:00,130,137,2,,,,,130,9,0,0,18,0,378,171,6,6,3,1,0,3,,0,,,
242,25,1,28.02.2016 19:00:00,130,134,2,,,,,130,9,0,0,18,2,415,257,6,6,3,1,0,3,,0,,,
243,25,1,24.01.2016 19:00:00,130,132,2,,,,,130,9,0,0,18,1,395,255,6,6,3,1,0,3,,0,,,
244,25,1,01.11.2015 19:00:00,130,133,2,,,,,130,8,1,0,16,3,383,270,6,6,3,1,0,3,,0,,,
245,25,1,20.09.2015 19:00:00,130,131,2,,,,,130,8,1,0,16,2,374,274,6,6,3,1,0,3,,0,,,
246,25,1,22.11.2015 19:00:00,130,135,2,,,,,130,7,2,0,14,6,391,290,6,6,3,1,0,3,,0,,,
247,25,1,25.10.2015 19:00:00,130,136,2,,,,,130,9,0,0,18,0,378,178,6,6,3,1,0,3,,0,,,
248,25,19,12.10.2015 19:30:00,137,130,3,,,,,130,0,9,0,0,18,288,378,6,6,1,3,0,3,,0,,,
249,25,19,18.04.2016 19:30:00,137,134,3,,,,,134,4,5,0,9,10,341,351,6,6,1,3,0,3,,0,,,
250,25,19,09.11.2015 19:30:00,137,132,3,,,,,132,0,9,0,0,18,270,383,6,6,1,3,0,3,,0,,,
251,25,19,07.03.2016 19:30:00,137,133,2,,,,,133,3,6,0,10,15,446,486,6,6,1,3,0,3,,0,,,
252,25,1,28.09.2015 19:30:00,137,131,2,,,,,131,0,9,0,2,18,265,415,6,6,1,3,0,3,,0,,,
253,25,1,01.02.2016 19:30:00,137,136,2,,,,,136,4,5,0,12,12,449,431,6,6,1,3,0,3,,0,,,
254,25,1,30.09.2015 20:00:00,134,130,2,,,,,130,0,9,0,1,18,253,398,6,6,1,3,0,3,,0,,,
255,25,1,21.10.2015 20:00:00,134,137,2,,,,,134,8,1,0,17,3,413,232,6,6,3,1,0,3,,0,,,
256,25,1,09.03.2016 20:00:00,134,132,2,,,,,132,0,9,0,0,18,0,378,0,0,0,3,-1,3,,0,,,
257,25,1,09.11.2015 19:15:00,134,133,2,,,,,134,5,4,0,11,9,355,349,6,6,3,1,0,3,,0,,,
258,25,1,16.03.2016 20:00:00,134,131,2,,,,,131,0,9,0,5,18,401,462,6,6,1,3,0,3,,0,,,
259,25,1,07.12.2015 19:15:00,134,135,2,,,,,135,3,6,0,7,13,320,394,6,6,1,3,0,3,,0,,,
260,25,1,12.10.2015 19:15:00,134,136,2,,,,,134,6,3,0,15,7,415,369,6,6,3,1,0,3,,0,,,
261,25,20,19.11.2015 19:45:00,132,130,2,,,,,130,0,9,0,1,18,279,388,6,6,1,3,0,3,,0,,,
262,25,20,17.09.2015 19:45:00,132,137,2,,,,,132,9,0,0,18,3,436,315,6,6,3,1,0,3,,0,,,
263,25,20,14.01.2016 19:45:00,132,134,2,,,,,132,6,3,0,14,6,391,321,6,6,3,1,0,3,,0,,,
264,25,20,24.09.2015 19:45:00,132,133,2,,,,,132,6,3,0,13,8,419,383,6,6,3,1,0,3,,0,,,
265,25,20,22.10.2015 19:45:00,132,131,2,,,,,131,4,5,0,10,11,388,361,6,6,1,3,0,3,,0,,,
266,25,20,17.03.2016 19:45:00,132,135,2,,,,,135,2,7,0,7,15,370,441,6,6,1,3,0,3,,0,,,
267,25,20,08.10.2015 19:45:00,132,136,2,,,,,132,9,0,0,18,2,413,291,6,6,3,1,0,3,,0,,,
268,25,25,04.03.2016 20:00:00,133,130,2,,,,,130,0,9,0,0,18,265,380,6,6,1,3,0,3,,0,,,
269,25,25,20.11.2015 20:00:00,133,137,2,,,,,133,9,0,0,18,2,407,295,6,6,3,1,0,3,,0,,,
270,25,25,05.02.2016 20:00:00,133,134,2,,,,,133,6,3,0,15,10,476,449,6,6,3,1,0,3,,0,,,
271,25,25,11.12.2015 20:00:00,133,132,2,,,,,133,6,3,0,15,9,466,431,6,6,3,1,0,3,,0,,,
272,25,25,04.12.2015 20:00:00,133,131,2,,,,,131,3,6,0,7,13,348,395,6,6,1,3,0,3,,0,,,
273,25,25,22.01.2016 20:00:00,133,135,2,,,,,135,0,9,0,6,18,388,489,6,6,1,3,0,3,,0,,,
274,25,25,27.11.2015 20:00:00,133,136,2,,,,,133,9,0,0,18,3,433,315,6,6,3,1,0,3,,0,,,
275,25,1,17.04.2016 19:00:00,131,130,2,,,,,130,1,8,0,4,17,319,417,6,6,1,3,0,3,,0,,,
276,25,1,21.02.2016 19:00:00,131,137,2,,,,,131,8,1,0,16,2,369,233,6,6,3,1,0,3,,0,,,
277,25,1,01.11.2015 19:00:00,131,134,2,,,,,131,8,1,0,17,6,468,385,6,6,3,1,0,3,,0,,,
278,25,1,28.02.2016 19:00:00,131,132,2,,,,,131,8,1,0,17,6,471,390,6,6,3,1,0,3,,0,,,
279,25,1,31.01.2016 19:00:00,131,133,2,,,,,131,6,3,0,13,6,375,300,6,6,3,1,0,3,,0,,,
280,25,1,03.04.2016 19:00:00,131,136,2,,,,,131,8,1,0,16,3,393,265,6,6,3,1,0,3,,0,,,
281,25,26,07.10.2015 19:30:00,135,130,2,,,,,130,3,6,0,6,12,294,352,6,6,1,3,0,3,,0,,,
282,25,26,18.11.2015 19:30:00,135,134,2,,,,,135,7,2,0,15,4,392,291,6,6,3,1,0,3,,0,,,
283,25,26,20.04.2016 19:30:00,135,132,2,,,,,135,7,2,0,14,5,372,294,6,6,3,1,0,3,,0,,,
284,25,26,12.01.2016 20:00:00,135,133,2,,,,,135,8,1,0,16,5,415,316,6,6,3,1,0,3,,0,,,
285,25,26,23.02.2016 20:00:00,135,136,2,,,,,135,9,0,0,18,0,379,205,6,6,3,1,0,3,,0,,,
286,25,19,17.03.2016 19:30:00,136,130,2,,,,,130,0,9,0,0,18,208,380,6,6,1,3,0,3,,0,,,
287,25,19,10.12.2015 19:30:00,136,137,2,,,,,136,6,3,0,12,10,417,383,6,6,3,1,0,3,,0,,,
288,25,19,21.04.2016 19:30:00,136,134,2,,,,,136,6,3,0,13,10,416,412,6,6,3,1,0,3,,0,,,
289,25,19,03.03.2016 19:30:00,136,132,2,,,,,132,2,7,0,4,16,318,401,6,6,1,3,0,3,,0,,,
290,25,19,11.02.2016 19:30:00,136,133,2,,,,,133,2,7,0,5,15,328,398,6,6,1,3,0,3,,0,,,
291,25,19,17.12.2015 19:30:00,136,131,2,,,,,131,1,8,0,3,16,299,390,6,6,1,3,0,3,,0,,,
292,25,19,07.04.2016 19:30:00,136,135,2,,,,,135,2,7,0,6,15,307,418,6,6,1,3,0,3,,0,,,
293,24,27,05.03.2016 14:00:00,127,129,2,,,,,127,8,1,0,16,5,431,325,6,6,3,1,0,3,,0,,,
294,24,27,09.01.2016 14:00:00,127,125,2,,,,,127,7,2,0,15,7,449,399,6,6,3,1,0,3,,0,,,
295,24,27,27.02.2016 14:00:00,127,122,2,,,,,122,1,8,0,3,17,299,422,6,6,1,3,0,3,,0,,,
296,24,27,16.01.2016 14:00:00,127,123,2,,,,,123,3,6,0,11,14,443,465,6,6,1,3,0,3,,0,,,
299,24,18,12.11.2015 20:00:00,128,127,2,,,,,127,3,6,0,8,13,329,396,6,6,1,3,0,3,,0,,,
300,24,23,15.12.2015 20:00:00,122,127,2,,,,,122,7,2,0,16,8,471,431,6,6,3,1,0,3,,0,,,
301,24,24,30.11.2015 20:00:00,123,127,2,,,,,123,6,3,0,14,6,380,361,6,6,3,1,0,3,,0,,,
302,25,26,01.12.2015 20:00:00,135,137,2,,,,,135,9,0,0,18,1,397,231,6,6,3,1,0,3,,0,,,
303,29,19,11.11.2015 20:00:00,161,166,2,,,,,161,5,4,0,14,9,459,397,6,6,3,1,0,3,,0,,,
304,24,23,20.01.2016 20:00:00,122,126,2,,,,,122,9,0,0,18,0,378,0,0,0,3,0,-1,3,,0,,,
306,25,1,10.04.2016 19:00:00,131,135,2,,,,,135,2,7,0,6,15,365,395,6,6,1,3,0,3,,0,,,
307,25,26,02.03.2016 20:00:00,135,131,3,,,,,135,7,2,0,15,6,398,349,6,6,3,1,0,3,,0,,,
308,24,28,10.04.2016 17:00:00,129,127,2,,,,,127,1,8,0,5,16,338,414,6,6,1,3,0,3,,0,,,
309,25,29,24.04.2016 20:00:00,137,135,1,,,,,135,2,7,0,5,14,288,360,6,6,1,3,0,3,,0,,,
310,30,17,10.10.2016 20:00:00,167,168,2,,,,,167,7,2,0,15,5,388,341,6,6,3,1,0,3,,0,,,
311,30,17,09.01.2017 20:00:00,167,169,2,,,,,169,2,7,0,8,15,400,445,6,6,1,3,0,3,,0,,,
312,30,17,21.11.2016 20:00:00,167,170,2,,,,,167,5,4,0,13,10,421,325,6,4,3,0,0,3,,0,,,
313,30,17,12.12.2016 20:00:00,167,171,2,,,,,167,5,4,0,12,10,390,384,6,6,3,1,0,3,,0,,,
314,30,17,24.04.2017 20:00:00,167,173,2,,,,,167,8,1,0,17,3,414,330,6,6,3,1,0,3,,0,,,
315,30,1,01.02.2017 20:00:00,168,167,2,,,,,167,4,5,0,8,11,356,377,6,6,1,3,0,3,,0,,,
317,30,1,03.10.2016 19:15:00,168,169,2,,,,,169,1,8,0,3,17,281,414,6,6,1,3,0,3,,0,,,
318,30,1,26.10.2016 20:00:00,168,170,2,,,,,170,0,9,0,0,18,274,379,6,6,1,3,0,3,,0,,,
319,30,1,16.11.2016 20:00:00,168,171,2,,,,,171,1,8,0,5,17,369,435,6,6,1,3,0,3,,0,,,
320,30,1,28.11.2016 19:15:00,168,173,2,,,,,168,7,2,0,14,6,382,270,6,6,3,1,0,3,,0,,,
321,30,24,27.02.2017 19:30:00,170,167,2,,,,,170,5,4,0,10,8,338,331,6,6,3,1,0,3,,0,,,
322,30,24,31.10.2016 19:30:00,170,169,2,,,,,169,2,7,0,6,14,325,387,6,6,1,3,0,3,,0,,,
323,30,24,03.04.2017 19:30:00,170,171,2,,,,,170,8,1,0,16,3,375,310,6,6,3,1,0,3,,0,,,
324,30,24,30.01.2017 19:30:00,170,172,2,,,,,170,7,2,0,15,7,428,382,6,6,3,1,0,3,,0,,,
325,30,24,23.01.2017 19:30:00,170,173,2,,,,,170,8,1,0,17,5,441,365,6,6,3,1,0,3,,0,,,
327,30,24,20.02.2017 19:30:00,170,168,2,,,,,170,5,4,0,11,11,392,399,6,6,3,1,0,3,,0,,,
328,30,1,23.03.2017 20:00:00,171,167,2,,,,,167,2,7,0,9,15,389,458,6,6,1,3,0,3,,0,,,
329,30,1,02.03.2017 20:00:00,171,168,2,,,,,171,6,3,0,12,7,364,304,6,6,3,1,0,3,,0,,,
330,30,1,23.02.2017 20:00:00,171,169,2,,,,,169,1,8,0,4,17,332,409,6,6,1,3,0,3,,0,,,
331,30,1,13.04.2017 20:00:00,171,173,2,,,,,171,7,2,0,15,4,371,276,6,6,3,1,0,3,,0,,,
332,30,1,08.11.2016 20:00:00,171,170,2,,,,,170,4,5,0,9,10,350,362,6,6,1,3,0,3,,0,,,
333,30,1,20.10.2016 20:00:00,173,167,2,,,,,167,3,6,0,8,15,415,448,6,6,1,3,0,3,,0,,,
334,30,1,16.03.2017 20:00:00,173,168,2,,,,,168,1,8,0,5,17,331,436,6,6,1,3,0,3,,0,,,
335,30,1,17.11.2016 20:00:00,173,169,2,,,,,169,0,9,0,2,18,273,411,6,6,1,3,0,3,,0,,,
336,30,1,30.03.2017 20:00:00,173,170,2,,,,,170,2,7,0,5,15,316,375,6,6,1,3,0,3,,0,,,
337,30,1,10.11.2016 20:00:00,173,171,2,,,,,171,0,9,0,2,18,310,416,6,6,1,3,0,3,,0,,,
338,30,23,09.11.2016 20:00:00,169,167,2,,,,,169,9,0,0,18,2,421,321,6,6,3,1,0,3,,0,,,
339,30,23,22.11.2016 20:00:00,169,171,2,,,,,169,8,1,0,16,4,400,317,6,6,3,1,0,3,,0,,,
341,30,23,25.01.2017 20:00:00,169,168,2,,,,,169,8,1,0,17,3,392,280,6,6,3,1,0,3,,0,,,
342,30,23,08.03.2017 20:00:00,169,173,2,,,,,169,9,0,0,18,1,395,248,6,6,3,1,0,3,,0,,,
343,30,23,22.03.2017 20:00:00,169,170,2,,,,,169,7,2,0,16,7,464,387,6,6,3,1,0,3,,0,,,
344,30,23,14.12.2016 20:00:00,169,172,2,,,,,169,9,0,0,18,3,434,231,6,6,3,1,0,3,,0,,,
345,34,23,12.10.2016 20:00:00,198,194,2,,,,,198,9,0,0,18,0,380,217,6,6,3,1,0,3,,0,,,
346,34,23,07.12.2016 20:00:00,198,199,2,,,,,198,6,3,0,14,10,450,423,6,6,3,1,0,3,,0,,,
347,34,23,31.01.2017 20:00:00,198,200,2,,,,,198,9,0,0,18,1,397,259,6,6,3,1,0,3,,0,,,
348,34,23,08.02.2017 20:00:00,198,195,2,,,,,198,9,0,0,18,1,397,246,6,6,3,1,0,3,,0,,,
349,34,23,15.02.2017 20:00:00,198,196,2,,,,,198,9,0,0,18,2,422,295,6,6,3,1,0,3,,0,,,
350,34,1,05.03.2017 19:00:00,194,198,2,,,,,198,2,7,0,5,15,307,393,6,6,1,3,0,3,,0,,,
351,34,1,30.03.2017 20:00:00,200,198,2,,,,,198,1,8,0,4,16,315,397,6,6,1,3,0,3,,0,,,
352,34,24,17.10.2016 19:30:00,199,198,2,,,,,199,7,2,0,15,7,449,377,6,6,3,1,0,3,,0,,,
353,34,28,06.11.2016 17:00:00,195,198,2,,,,,198,1,8,0,3,17,275,408,6,6,1,3,0,3,,0,,,
354,34,17,24.10.2016 20:00:00,196,198,2,,,,,198,0,9,0,2,18,305,409,6,6,1,3,0,3,,0,,,
355,30,26,01.03.2017 19:30:00,172,169,2,,,,,169,0,9,0,1,18,235,398,6,6,1,3,0,3,,0,,,
356,34,28,30.04.2017 17:00:00,195,196,2,,,,,195,5,4,0,11,11,407,404,6,6,3,1,0,3,,0,,,
357,34,28,12.03.2017 17:00:00,195,197,2,,,,,195,5,4,0,11,11,422,395,6,6,3,1,0,3,,0,,,
358,34,28,08.01.2017 17:00:00,195,199,2,,,,,199,0,9,0,1,18,300,393,6,6,1,3,0,3,,0,,,
359,34,28,13.11.2016 17:00:00,195,200,2,,,,,200,1,8,0,5,17,335,452,6,6,1,3,0,3,,0,,,
360,34,17,20.03.2017 20:00:00,196,195,2,,,,,196,8,1,0,17,4,424,322,6,6,3,1,0,3,,0,,,
361,34,17,10.04.2017 20:00:00,196,197,2,,,,,196,8,1,0,17,3,404,316,6,6,3,1,0,3,,0,,,
362,34,17,06.03.2017 20:00:00,196,199,2,,,,,199,4,5,0,11,11,398,309,6,4,1,2,0,3,,0,,,
363,34,17,03.10.2016 20:00:00,196,200,2,,,,,196,5,4,0,12,10,398,411,6,6,3,1,0,3,,0,,,
364,34,1,07.12.2016 20:00:00,197,196,2,,,,,197,5,4,0,11,9,381,352,6,6,3,1,0,3,,0,,,
365,34,1,21.09.2016 19:15:00,197,199,2,,,,,199,1,8,0,4,16,286,409,6,6,1,3,0,3,,0,,,
366,34,1,19.10.2016 20:00:00,197,200,2,,,,,200,3,6,0,7,14,361,409,6,6,1,3,0,3,,0,,,
367,34,1,18.01.2017 20:00:00,197,195,2,,,,,197,7,2,0,16,6,440,354,6,6,3,1,0,3,,0,,,
368,34,24,13.03.2017 19:30:00,199,194,2,,,,,199,9,0,0,18,3,436,297,6,6,3,1,0,3,,0,,,
369,34,24,28.11.2016 19:30:00,199,195,2,,,,,199,9,0,0,18,2,416,288,6,6,3,1,0,3,,0,,,
370,34,24,07.11.2016 19:30:00,199,196,2,,,,,199,7,2,0,15,6,422,372,6,6,3,1,0,3,,0,,,
371,34,24,27.03.2017 19:30:00,199,197,2,,,,,199,9,0,0,18,2,402,249,6,6,3,1,0,3,,0,,,
372,34,24,05.12.2016 19:30:00,199,200,2,,,,,199,8,1,0,17,3,415,306,6,6,3,1,0,3,,0,,,
373,34,1,28.03.2017 20:00:00,200,195,2,,,,,200,9,0,0,18,2,419,272,6,6,3,1,0,3,,0,,,
374,34,1,16.03.2017 20:00:00,200,196,2,,,,,200,6,3,0,14,9,428,383,6,6,3,1,0,3,,0,,,
375,34,1,06.04.2017 20:00:00,200,194,2,,,,,200,7,2,0,15,8,459,397,6,6,3,1,0,3,,0,,,
376,34,1,16.05.2017 20:45:00,200,197,2,,,,,200,8,1,0,17,2,395,270,6,6,3,1,0,3,,0,,,
377,34,1,12.01.2017 20:00:00,200,199,2,,,,,199,1,8,0,5,17,345,442,6,6,1,3,0,3,,0,,,
378,32,28,30.04.2017 17:00:00,182,183,2,,,,,182,4,2,0,10,5,299,213,4,4,3,1,0,3,,0,,,
379,32,28,12.03.2017 17:00:00,182,184,2,,,,,-1,3,3,0,7,7,226,233,4,4,2,2,0,3,,0,,,
380,32,28,30.10.2016 17:00:00,182,185,2,,,,,185,1,5,0,3,10,186,262,4,4,1,3,0,3,,0,,,
381,32,28,08.01.2017 17:00:00,182,186,2,,,,,182,4,2,0,8,6,268,236,4,4,3,1,0,3,,0,,,
382,32,28,19.02.2017 17:00:00,182,188,2,,,,,182,5,1,0,10,4,272,221,4,4,3,1,0,3,,0,,,
383,32,17,23.02.2017 20:00:00,183,181,2,,,,,183,6,0,0,12,0,252,139,4,4,3,1,0,3,,0,,,
384,32,17,14.11.2016 20:00:00,183,182,2,,,,,183,4,2,0,9,5,265,235,4,4,3,1,0,3,,0,,,
385,32,17,03.04.2017 20:00:00,183,184,2,,,,,-1,3,3,0,7,6,237,208,4,4,2,2,0,3,,0,,,
386,32,17,17.10.2016 20:00:00,183,185,2,,,,,185,2,4,0,4,9,220,260,4,4,1,3,0,3,,0,,,
387,32,17,05.12.2016 20:00:00,183,186,2,,,,,183,5,1,0,10,2,235,181,4,4,3,1,0,3,,0,,,
388,32,17,13.03.2017 20:00:00,183,188,2,,,,,183,6,0,0,12,0,252,0,0,0,3,0,-1,3,,0,,,
389,32,1,04.01.2017 20:00:00,184,181,2,,,,,181,2,4,0,5,9,253,269,4,4,1,3,0,3,,0,,,
390,32,1,09.11.2016 20:00:00,184,182,2,,,,,182,1,5,0,2,11,190,253,4,4,1,3,0,3,,0,,,
391,32,1,05.10.2016 20:00:00,184,183,2,,,,,184,5,1,0,11,3,271,224,4,4,3,1,0,3,,0,,,
392,32,1,22.02.2017 20:00:00,184,186,2,,,,,-1,3,3,0,7,7,234,268,4,4,2,2,0,3,,0,,,
393,32,1,02.11.2016 20:00:00,184,185,2,,,,,185,0,6,0,1,12,183,272,4,4,1,3,0,3,,0,,,
394,32,1,26.09.2016 20:00:00,184,188,2,,,,,184,4,2,0,9,6,297,256,4,4,3,1,0,3,,0,,,
395,32,24,06.02.2017 20:00:00,186,181,2,,,,,181,2,4,0,5,9,229,265,4,4,1,3,0,3,,0,,,
396,32,24,24.04.2017 20:00:00,186,182,2,,,,,186,5,1,0,10,2,235,181,4,4,3,1,0,3,,0,,,
397,32,24,20.03.2017 20:00:00,186,183,2,,,,,183,2,4,0,7,9,285,305,4,4,1,3,0,3,,0,,,
398,32,24,10.04.2017 20:00:00,186,184,2,,,,,186,5,1,0,10,3,252,203,4,4,3,1,0,3,,0,,,
399,32,24,12.12.2016 20:00:00,186,188,2,,,,,186,6,0,0,12,0,252,0,0,0,3,0,-1,3,,0,,,
400,32,24,13.02.2017 20:00:00,186,185,2,,,,,185,1,5,0,3,10,170,266,4,4,1,3,0,3,,0,,,
401,32,1,14.03.2017 20:00:00,185,181,2,,,,,185,5,1,0,10,2,247,183,4,4,3,1,0,3,,0,,,
402,32,1,07.03.2017 20:00:00,185,182,2,,,,,185,5,1,0,10,3,258,202,4,4,3,1,0,3,,0,,,
403,32,1,07.02.2017 20:00:00,185,183,2,,,,,185,5,1,0,10,2,239,181,4,4,3,1,0,3,,0,,,
404,32,1,28.02.2017 20:00:00,185,184,2,,,,,185,5,1,0,11,4,300,239,4,4,3,1,0,3,,0,,,
405,32,1,17.01.2017 20:00:00,185,186,2,,,,,185,6,0,0,12,1,284,215,4,4,3,1,0,3,,0,,,
406,32,1,18.04.2017 20:00:00,185,188,2,,,,,185,6,0,0,12,1,268,165,4,4,3,1,0,3,,0,,,
407,32,1,27.10.2016 20:00:00,188,182,2,,,,,188,5,1,0,11,3,274,173,4,4,3,1,0,3,,0,,,
408,32,1,03.11.2016 20:00:00,188,183,2,,,,,-1,3,3,0,9,7,282,276,4,4,2,2,0,3,,0,,,
409,32,1,19.01.2017 20:00:00,188,184,2,,,,,-1,3,3,0,6,7,217,245,4,4,2,2,0,3,,0,,,
410,32,1,13.10.2016 20:00:00,188,185,2,,,,,185,2,4,0,6,9,277,291,4,4,1,3,0,3,,0,,,
411,32,1,02.03.2017 20:00:00,188,186,2,,,,,186,0,6,0,2,12,215,280,4,4,1,3,0,3,,0,,,
412,31,28,29.01.2017 17:00:00,175,176,2,,,,,175,9,0,0,18,0,378,212,6,6,3,1,0,3,,0,,,
413,31,28,25.09.2016 17:00:00,175,179,2,,,,,175,9,0,0,18,1,398,280,6,6,3,1,0,3,,0,,,
414,31,28,05.02.2017 17:00:00,175,177,2,,,,,175,6,3,0,14,9,433,397,6,6,3,1,0,3,,0,,,
415,31,28,05.03.2017 17:00:00,175,178,2,,,,,175,6,3,0,13,7,364,303,6,6,3,1,0,3,,0,,,
416,31,28,30.03.2017 20:00:00,175,180,2,,,,,175,9,0,0,18,2,414,288,6,6,3,1,0,3,,0,,,
417,31,19,21.11.2016 19:30:00,176,175,2,,,,,175,0,9,0,1,18,270,408,6,6,1,3,0,3,,0,,,
418,31,19,27.02.2017 19:30:00,176,179,2,,,,,179,3,6,0,9,15,397,461,6,6,1,3,0,3,,0,,,
419,31,19,20.03.2017 19:30:00,176,177,2,,,,,177,1,8,0,4,16,299,396,6,6,1,3,0,3,,0,,,
420,31,19,17.10.2016 19:30:00,176,178,2,,,,,178,3,6,0,7,13,334,396,6,6,1,3,0,3,,0,,,
421,31,19,13.02.2017 19:30:00,176,180,2,,,,,180,0,9,0,0,18,255,379,6,6,1,3,0,3,,0,,,
422,31,1,11.01.2017 20:00:00,179,174,2,,,,,174,3,6,0,7,13,345,363,6,6,1,3,0,3,,0,,,
423,31,1,25.01.2017 20:00:00,179,175,2,,,,,175,1,8,0,5,16,326,431,6,6,1,3,0,3,,0,,,
424,31,1,12.10.2016 20:00:00,179,176,2,,,,,179,7,2,0,16,4,392,279,6,6,3,1,0,3,,0,,,
425,31,1,12.12.2016 19:15:00,179,177,2,,,,,177,2,7,0,5,16,324,427,6,6,1,3,0,3,,0,,,
426,31,1,22.03.2017 20:00:00,179,178,2,,,,,179,6,3,0,14,8,409,353,6,6,3,1,0,3,,0,,,
427,31,1,06.03.2017 19:15:00,179,180,2,,,,,180,1,8,0,5,16,339,425,6,6,1,3,0,3,,0,,,
428,31,20,19.01.2017 19:45:00,177,174,2,,,,,177,7,2,0,15,7,435,334,6,6,3,1,0,3,,0,,,
429,31,20,13.10.2016 19:45:00,177,175,2,,,,,175,0,9,0,2,18,291,413,6,6,1,3,0,4,,0,,,
430,31,20,20.04.2017 19:45:00,177,176,2,,,,,177,9,0,0,18,2,413,292,6,6,3,1,0,3,,0,,,
431,31,20,30.03.2017 19:45:00,177,179,2,,,,,177,7,2,0,15,6,404,329,6,6,3,1,0,3,,0,,,
432,31,20,01.12.2016 19:45:00,177,178,2,,,,,177,6,3,0,13,9,425,385,6,6,3,1,0,3,,0,,,
433,31,20,29.09.2016 19:45:00,177,180,2,,,,,177,5,4,0,12,11,400,428,6,6,3,1,0,3,,0,,,
434,31,25,28.04.2017 20:00:00,178,174,3,,,,,174,2,7,0,7,14,350,392,6,6,1,3,0,3,,0,,,
435,31,25,21.10.2016 20:00:00,178,175,3,,,,,175,2,7,0,6,15,302,408,6,6,1,3,0,3,,0,,,
436,31,25,10.03.2017 20:00:00,178,176,3,,,,,178,7,2,0,15,6,418,318,6,6,3,1,0,3,,0,,,
437,31,25,09.12.2016 20:00:00,178,179,3,,,,,179,3,6,0,9,13,401,414,6,6,1,3,0,3,,0,,,
438,31,25,24.02.2017 20:00:00,178,177,3,,,,,177,4,5,0,8,11,305,357,6,6,1,3,0,3,,0,,,
439,31,25,18.11.2016 20:00:00,178,180,3,,,,,180,3,6,0,7,12,325,370,6,6,1,3,0,3,,0,,,
440,31,1,04.12.2016 19:00:00,180,174,2,,,,,180,6,3,0,13,6,377,280,6,6,3,1,0,3,,0,,,
441,31,1,18.12.2016 19:00:00,180,175,2,,,,,175,3,6,0,10,13,415,429,6,6,1,3,0,3,,0,,,
442,31,1,23.04.2017 19:00:00,180,176,2,,,,,180,9,0,0,18,1,392,271,6,6,3,1,0,3,,0,,,
443,31,1,29.01.2017 19:00:00,180,179,2,,,,,180,9,0,0,18,3,436,306,6,6,3,1,0,3,,0,,,
444,31,1,06.11.2016 19:00:00,180,177,2,,,,,180,6,3,0,14,7,418,372,6,6,3,1,0,3,,0,,,
445,31,1,05.02.2017 19:00:00,180,178,2,,,,,180,7,2,0,15,7,428,356,6,6,3,1,0,3,,0,,,
446,35,22,27.01.2017 19:30:00,201,202,2,,,,,202,0,9,0,0,18,209,379,6,6,1,3,0,3,,0,,,
447,35,22,03.03.2017 19:30:00,201,203,2,,,,,203,1,8,0,3,16,271,391,6,6,1,3,0,3,,0,,,
448,35,22,05.05.2017 19:30:00,201,204,2,,,,,204,4,5,0,13,10,436,397,6,6,1,3,0,3,,0,,,
449,35,22,21.10.2016 19:30:00,201,205,2,,,,,205,0,9,0,1,18,287,396,6,6,1,3,0,3,,0,,,
450,35,22,06.01.2017 19:30:00,201,206,2,,,,,206,4,5,0,11,11,394,386,6,6,1,3,0,3,,0,,,
451,35,1,28.09.2016 19:15:00,202,201,2,,,,,202,7,2,0,15,7,446,379,6,6,3,1,0,3,,0,,,
452,35,1,30.01.2017 19:15:00,202,203,2,,,,,203,3,6,0,11,13,433,461,6,6,1,3,0,3,,0,,,
453,35,1,20.02.2017 19:15:00,202,204,2,,,,,202,8,1,0,16,2,369,254,6,6,3,1,0,3,,0,,,
454,35,1,14.11.2016 19:15:00,202,205,2,,,,,205,2,7,0,6,15,310,420,6,6,1,3,0,3,,0,,,
455,35,1,27.03.2017 19:15:00,202,206,2,,,,,202,8,1,0,17,4,418,315,6,6,3,1,0,3,,0,,,
456,35,20,24.11.2016 19:45:00,203,201,2,,,,,203,9,0,0,18,1,396,305,6,6,3,1,0,3,,0,,,
457,35,20,16.02.2017 19:45:00,203,202,2,,,,,203,5,4,0,13,10,438,410,6,6,3,1,0,3,,0,,,
458,35,20,16.03.2017 19:45:00,203,204,2,,,,,203,8,1,0,16,4,412,322,6,6,3,1,0,3,,0,,,
459,35,20,08.12.2016 19:45:00,203,205,2,,,,,205,1,8,0,6,16,353,426,6,6,1,3,0,3,,0,,,
460,35,20,26.01.2017 19:45:00,203,206,2,,,,,203,7,2,0,14,6,386,283,6,6,3,1,0,3,,0,,,
461,35,1,15.01.2017 19:00:00,205,201,2,,,,,205,9,0,0,18,2,414,262,6,6,3,1,0,3,,0,,,
462,35,1,26.02.2017 19:00:00,205,202,2,,,,,205,6,3,0,13,9,428,371,6,6,3,1,0,3,,0,,,
463,35,1,09.10.2016 19:00:00,205,203,2,,,,,205,7,2,0,15,6,416,374,6,6,3,1,0,3,,0,,,
464,35,1,08.01.2017 19:00:00,205,204,2,,,,,205,7,2,0,15,4,374,292,6,6,3,1,0,3,,0,,,
465,35,1,12.03.2017 19:00:00,205,206,2,,,,,205,6,3,0,13,6,373,315,6,6,3,1,0,3,,0,,,
466,35,17,07.12.2016 20:00:00,206,201,2,,,,,206,5,4,0,11,8,350,317,6,6,3,1,0,3,,0,,,
467,35,17,05.10.2016 20:00:00,206,202,2,,,,,206,7,2,0,15,6,421,351,6,6,3,1,0,3,,0,,,
468,35,17,19.10.2016 20:00:00,206,203,2,,,,,206,5,4,0,13,10,439,425,6,6,3,1,0,3,,0,,,
469,35,17,09.11.2016 20:00:00,206,204,2,,,,,206,8,1,0,17,4,421,326,6,6,3,1,0,3,,0,,,
470,35,17,30.11.2016 20:00:00,206,205,2,,,,,205,4,5,0,10,11,364,384,6,6,1,3,0,3,,0,,,
472,33,16,09.11.2016 19:30:00,189,191,2,,,,,-1,3,3,0,6,7,212,226,4,4,2,2,0,3,,0,,,
474,33,16,05.10.2016 19:30:00,189,193,2,,,,,189,6,0,0,12,0,252,124,4,4,3,1,0,3,,0,,,
475,33,19,06.02.2017 19:30:00,190,189,2,,,,,189,0,6,0,1,12,161,277,4,4,1,3,0,3,,0,,,
476,33,19,31.10.2016 19:30:00,190,191,2,,,,,191,1,5,0,4,11,249,296,4,4,1,3,0,5,,0,,,
477,33,19,22.05.2017 19:30:00,190,192,2,,,,,192,0,6,0,0,12,137,254,4,4,1,3,0,3,,0,,,
478,33,19,14.11.2016 19:30:00,190,193,2,,,,,193,1,5,0,3,11,205,275,4,4,1,3,0,3,,0,,,
479,33,20,30.01.2017 19:45:00,191,189,2,,,,,191,6,0,0,12,0,252,136,4,4,3,1,0,3,,0,,,
480,33,20,06.03.2017 19:45:00,191,190,2,,,,,191,6,0,0,12,1,268,131,4,4,3,1,0,3,,0,,,
481,33,20,21.11.2016 19:45:00,191,192,2,,,,,-1,3,3,0,7,6,238,232,4,4,2,2,0,3,,0,,,
482,33,20,05.12.2016 19:45:00,191,193,2,,,,,191,4,2,0,9,5,264,219,4,4,3,1,0,3,,0,,,
484,33,1,25.09.2016 20:00:00,192,190,2,,,,,192,6,0,0,12,0,252,83,4,4,3,1,0,3,,0,,,
485,33,1,09.10.2016 20:00:00,192,191,2,,,,,192,4,2,0,9,6,294,272,4,4,3,1,0,3,,0,,,
486,33,1,02.04.2017 20:00:00,192,193,2,,,,,192,6,0,0,12,0,252,126,4,4,3,1,0,3,,0,,,
487,33,19,23.02.2017 19:30:00,193,189,2,,,,,189,2,4,0,4,9,214,266,4,4,1,3,0,3,,0,,,
488,33,19,19.01.2017 19:30:00,193,190,2,,,,,193,4,2,0,8,4,237,193,4,4,3,1,0,3,,0,,,
489,33,19,16.03.2017 19:30:00,193,191,2,,,,,191,0,6,0,1,12,189,270,4,4,1,3,0,3,,0,,,
490,33,19,27.10.2016 19:30:00,193,192,2,,,,,192,1,5,0,4,10,215,288,4,4,1,3,0,3,,0,,,
491,35,32,24.03.2017 19:30:00,204,201,3,,,,,204,7,2,0,15,8,433,353,6,6,3,1,0,3,,0,,,
492,35,32,07.10.2016 20:00:00,204,202,3,,,,,202,2,7,0,6,16,369,436,6,6,1,3,0,3,,0,,,
494,35,32,25.11.2016 19:30:00,204,205,2,,,,,205,2,7,0,5,16,314,421,6,6,1,3,0,3,,0,,,
495,35,32,10.02.2017 19:30:00,204,206,2,,,,,206,2,7,0,5,14,308,383,6,6,1,3,0,3,,0,,,
496,30,1,09.02.2017 20:00:00,171,172,2,,,,,171,9,0,0,18,2,418,275,6,6,3,1,0,3,,0,,,
497,30,1,20.03.2017 19:15:00,168,172,2,,,,,172,4,5,0,10,10,373,353,6,6,1,3,0,3,,0,,,
499,30,26,20.03.2017 19:30:00,172,168,3,,,,,172,7,2,0,15,6,415,346,6,6,3,1,0,3,,0,,,
500,30,26,14.02.2017 19:30:00,172,170,3,,,,,170,3,6,0,7,12,328,363,6,6,1,3,0,3,,0,,,
501,30,26,25.11.2016 20:00:00,172,171,2,,,,,171,2,7,0,5,14,319,377,6,6,1,3,0,3,,0,,,
502,32,18,29.03.2017 19:30:00,187,181,2,,,,,187,5,1,0,10,4,284,225,4,4,3,1,0,3,,0,,,
503,32,18,30.11.2016 19:30:00,187,185,2,,,,,185,2,4,0,7,10,306,332,4,4,1,3,0,3,,0,,,
504,32,28,26.02.2017 17:00:00,182,187,2,,,,,187,0,6,0,1,12,189,268,4,4,1,3,0,3,,0,,,
505,32,24,16.01.2017 20:00:00,186,187,2,,,,,-1,3,3,0,7,7,221,266,4,4,2,2,0,3,,0,,,
506,32,1,09.03.2017 20:00:00,185,187,2,,,,,185,4,2,0,10,4,281,257,4,4,3,1,0,3,,0,,,
507,34,1,03.04.2017 19:15:00,197,198,2,,,,,198,2,7,0,5,14,282,309,6,6,1,3,0,3,,0,,,
508,34,23,28.09.2016 20:00:00,198,197,2,,,,,198,8,1,0,17,5,450,336,6,6,3,1,0,3,,0,,,
509,32,18,03.05.2017 19:30:00,187,188,2,,,,,187,6,0,0,12,0,252,0,0,0,3,0,-1,3,,0,,,
510,32,1,09.02.2017 20:00:00,188,187,2,,,,,187,1,5,0,4,10,232,280,4,4,1,3,0,3,,0,,,
511,31,1,12.02.2017 19:00:00,174,175,2,,,,,175,2,7,0,8,16,403,470,6,6,1,3,0,3,,0,,,
512,31,1,09.10.2016 19:00:00,174,176,2,,,,,174,7,2,0,15,6,415,345,6,6,3,1,0,3,,0,,,
513,31,1,06.11.2016 19:00:00,174,179,2,,,,,179,2,7,0,8,14,385,420,6,6,1,3,0,3,,0,,,
514,31,1,13.11.2016 19:00:00,174,177,2,,,,,174,5,4,0,10,12,383,399,6,6,3,1,0,3,,0,,,
515,31,1,29.01.2017 19:00:00,174,178,2,,,,,178,4,5,0,9,12,366,388,6,6,1,3,0,3,,0,,,
516,31,1,30.04.2017 19:00:00,174,180,2,,,,,174,6,3,0,13,8,401,386,6,6,3,1,0,3,,0,,,
517,31,28,06.10.2016 20:00:00,175,174,3,,,,,175,9,0,0,18,2,411,234,6,6,3,1,0,3,,0,,,
518,31,19,27.03.2017 19:30:00,176,174,2,,,,,174,3,6,0,8,13,371,423,6,6,1,3,0,3,,0,,,
519,32,1,11.12.2016 19:00:00,181,182,2,,,,,-1,3,3,0,6,6,201,227,4,4,2,2,0,3,,0,,,
520,32,1,15.01.2017 19:00:00,181,183,2,,,,,181,5,1,0,10,5,293,235,4,4,3,1,0,3,,0,,,
521,32,1,06.11.2016 19:00:00,181,184,2,,,,,-1,3,3,0,7,7,235,258,4,4,2,2,0,3,,0,,,
522,32,1,23.10.2016 19:00:00,181,186,2,,,,,186,2,4,0,6,8,253,270,4,4,1,3,0,3,,0,,,
523,32,1,20.11.2016 19:00:00,181,185,2,,,,,185,0,6,0,0,12,164,252,4,4,1,3,0,3,,0,,,
524,32,1,27.04.2017 19:00:00,181,187,2,,,,,187,1,5,0,3,10,209,270,4,4,1,3,0,3,,0,,,
525,32,1,08.01.2017 19:00:00,181,188,2,,,,,181,6,0,0,12,0,252,0,0,0,3,0,-1,3,,0,,,
526,32,28,16.10.2016 17:00:00,182,181,2,,,,,181,2,4,0,6,8,258,241,4,4,1,3,0,3,,0,,,
527,32,1,06.04.2017 20:00:00,188,181,2,,,,,188,4,2,0,10,5,286,268,4,4,3,1,0,3,,0,,,
528,34,1,07.05.2017 19:00:00,194,195,2,,,,,194,5,4,0,12,11,411,420,6,6,3,1,0,3,,0,,,
529,34,1,15.01.2017 19:00:00,194,196,2,,,,,196,0,9,0,2,19,341,434,6,6,1,3,0,3,,0,,,
530,34,1,18.12.2016 19:00:00,194,197,2,,,,,194,6,3,0,13,8,371,381,6,6,3,1,0,3,,0,,,
531,34,1,23.10.2016 19:00:00,194,199,2,,,,,199,1,8,0,2,16,267,365,6,6,1,3,0,3,,0,,,
532,34,1,20.11.2016 19:00:00,194,200,2,,,,,194,7,2,0,15,6,412,363,6,6,3,1,0,3,,0,,,
533,34,28,16.10.2016 17:00:00,195,194,2,,,,,194,4,5,0,10,13,419,440,6,6,1,3,0,3,,0,,,
534,34,17,28.11.2016 20:00:00,196,194,2,,,,,196,7,2,0,14,7,394,376,6,6,3,1,0,3,,0,,,
536,32,18,22.03.2017 19:30:00,187,184,2,,,,,187,4,2,0,10,6,299,300,4,4,3,1,0,3,,0,,,
537,32,1,06.02.2017 20:00:00,184,187,2,,,,,187,2,4,0,4,9,209,243,4,4,1,3,0,3,,0,,,
538,32,18,08.03.2017 19:30:00,187,186,2,,,,,187,4,2,0,9,4,252,193,4,4,3,1,0,3,,0,,,
539,32,17,07.11.2016 20:00:00,183,187,2,,,,,183,4,2,0,10,5,300,273,4,4,3,1,0,3,,0,,,
541,32,18,25.01.2017 19:30:00,187,183,2,,,,,187,6,0,0,12,2,292,185,4,4,3,1,0,3,,0,,,
542,34,1,08.02.2017 20:00:00,197,194,2,,,,,194,2,7,0,7,15,364,418,6,6,1,3,0,3,,,,,
543,30,26,20.09.2016 19:30:00,172,173,2,,,,,172,8,1,0,17,4,425,340,6,6,3,1,0,3,,,,,
545,30,1,06.10.2016 20:00:00,173,172,2,,,,,172,4,5,0,10,11,386,388,6,6,1,3,0,3,,,,,
546,35,32,16.12.2016 20:00:00,204,203,3,,,,,203,3,6,0,9,14,387,432,6,6,1,3,0,3,,,,,
547,33,16,07.12.2016 19:30:00,189,190,1,,,,,189,5,1,0,11,3,295,237,4,4,3,1,0,3,,,,,
548,33,16,22.03.2017 19:30:00,189,192,1,,,,,189,4,2,0,9,4,256,210,4,4,3,1,0,3,,,,,
549,33,1,08.01.2017 20:00:00,192,189,1,,,,,189,1,5,0,4,11,249,285,4,4,1,3,0,3,,,,,
550,30,26,21.02.2017 20:00:00,172,167,2,,,,,167,2,7,0,4,15,283,380,6,6,1,3,0,3,,,,,
551,32,18,15.02.2017 19:30:00,187,182,2,,,,,182,2,4,0,4,10,255,267,4,4,1,3,0,3,,,,,
552,30,17,27.03.2017 20:00:00,167,172,2,,,,,167,7,2,0,14,6,393,326,6,6,3,1,0,3,,,,,
555,38,28,24.09.2017 17:00:00,220,221,2,,,,,221,2,4,0,5,8,209,236,4,4,1,3,0,3,,,,,
556,38,28,05.11.2017 17:00:00,220,222,2,,,,,220,4,2,0,8,5,245,213,4,4,3,1,0,3,,,,,
557,38,28,21.01.2018 17:00:00,220,223,2,,,,,223,1,5,0,3,10,223,260,4,4,1,3,0,5,,,,,
558,38,28,17.09.2017 17:00:00,220,224,2,,,,,224,1,5,0,2,11,194,269,4,4,1,3,0,3,,,,,
559,38,28,25.02.2018 17:00:00,220,225,2,,,,,-1,3,3,0,8,8,287,295,4,4,2,2,0,3,,,,,
560,38,1,24.01.2018 20:00:00,222,220,2,,,,,222,6,0,0,12,2,279,207,4,4,3,1,0,3,,,,,
561,38,1,12.03.2018 20:00:00,222,221,2,,,,,-1,3,3,0,6,7,238,236,4,4,2,2,0,3,,,,,
562,38,1,22.11.2017 20:00:00,222,223,2,,,,,222,5,1,0,11,3,281,224,4,4,3,1,0,3,,,,,
563,38,1,13.11.2017 20:00:00,222,224,2,,,,,224,0,6,0,3,12,235,317,4,4,1,3,0,3,,,,,
564,38,1,12.02.2018 20:00:00,222,225,2,,,,,-1,3,3,0,8,6,268,218,4,4,2,2,0,3,,,,,
565,38,24,02.10.2017 20:00:00,223,220,2,,,,,-1,3,3,0,6,6,216,127,4,3,2,1,0,3,,,,,
566,38,24,26.02.2018 20:00:00,223,221,2,,,,,223,4,2,0,9,5,257,232,4,4,3,1,0,4,,,,,
567,38,24,05.03.2018 20:00:00,223,222,2,,,,,223,5,1,0,11,3,285,248,4,4,3,1,0,3,,,,,
569,38,24,30.10.2017 20:00:00,223,224,2,,,,,224,2,4,0,4,9,238,261,4,4,1,3,0,3,,,,,
570,38,24,23.10.2017 20:00:00,223,225,2,,,,,223,4,2,0,9,5,261,255,4,4,3,1,0,3,,,,,
571,38,1,17.05.2018 20:00:00,224,220,2,,,,,224,6,0,0,12,2,288,205,4,4,3,1,0,3,,,,,
572,38,1,25.01.2018 20:00:00,224,221,1,,,,,224,4,2,0,9,4,249,221,4,4,3,1,0,3,,,,,
573,38,1,01.02.2018 20:00:00,224,222,1,,,,,224,6,0,0,12,3,301,231,4,4,3,1,0,3,,,,,
574,38,1,07.12.2017 20:00:00,224,223,2,,,,,-1,3,3,0,6,7,235,220,4,4,2,2,0,3,,,,,
575,38,1,08.03.2018 20:00:00,224,225,1,,,,,224,5,1,0,10,3,259,206,4,4,3,1,0,3,,,,,
576,38,18,06.12.2017 19:30:00,225,220,2,,,,,225,6,0,0,12,1,266,169,4,4,3,1,0,3,,,,,
577,38,18,17.04.2018 19:30:00,225,221,2,,,,,225,4,2,0,10,6,316,285,4,4,3,1,0,3,,,,,
578,38,18,11.10.2017 19:30:00,225,222,2,,,,,225,6,0,0,12,2,295,238,4,4,3,1,0,3,,,,,
579,38,18,10.01.2018 19:30:00,225,223,2,,,,,223,1,5,0,2,11,210,264,4,4,1,3,0,5,,,,,
580,38,18,25.04.2018 19:30:00,225,224,2,,,,,-1,3,3,0,6,8,268,276,4,4,2,2,0,3,,,,,
583,38,17,06.03.2018 20:30:00,221,220,2,,,,,-1,3,3,0,6,7,239,217,4,4,2,2,0,3,,,,,
584,38,17,16.01.2018 20:30:00,221,225,2,,,,,-1,3,3,0,6,6,200,233,4,4,2,2,0,3,,,,,
585,38,17,03.10.2017 20:30:00,221,222,2,,,,,-1,3,3,0,6,8,247,244,4,4,2,2,0,3,,,,,
586,38,17,07.11.2017 20:30:00,221,223,2,,,,,-1,3,3,0,6,8,232,273,4,4,2,2,0,3,,,,,
587,38,17,17.10.2017 20:30:00,221,224,2,,,,,224,0,6,0,0,12,165,252,4,4,1,3,0,3,,,,,
588,39,19,04.12.2017 19:30:00,226,227,2,,,,,227,0,6,0,1,12,190,269,4,4,1,3,0,5,,,,,
589,39,19,12.02.2018 19:30:00,226,228,2,,,,,226,4,2,0,8,5,220,143,4,3,3,0,0,3,,,,,
590,39,19,27.11.2017 19:30:00,226,229,2,,,,,-1,3,3,0,6,6,208,223,4,4,2,2,0,3,,,,,
592,39,20,25.01.2018 19:45:00,227,226,2,,,,,227,6,0,0,12,0,252,135,4,4,3,1,0,4,,,,,
593,39,20,28.09.2017 19:45:00,227,228,2,,,,,227,6,0,0,12,0,252,133,4,4,3,1,0,3,,,,,
594,39,20,02.11.2017 19:45:00,227,229,2,,,,,227,5,1,0,10,4,268,215,4,4,3,1,0,3,,,,,
595,39,20,05.03.2018 19:45:00,227,230,2,,,,,227,4,2,0,9,6,282,258,4,4,3,1,0,4,,,,,
596,39,1,25.03.2018 20:00:00,228,226,1,,,,,228,6,0,0,12,0,252,115,4,4,3,1,0,3,,,,,
597,39,1,08.04.2018 20:00:00,228,227,1,,,,,-1,3,3,0,6,8,234,270,4,4,2,2,0,2,,,,,
598,39,1,14.01.2018 20:00:00,228,229,1,,,,,228,6,0,0,12,1,271,180,4,4,3,1,0,3,,,,,
599,39,1,22.10.2017 20:00:00,228,230,1,,,,,230,0,6,0,2,12,198,291,4,4,1,3,0,3,,,,,
600,39,19,08.03.2018 19:30:00,229,226,2,,,,,229,4,2,0,9,5,274,246,4,4,3,1,0,4,,,,,
601,39,19,22.02.2018 19:30:00,229,227,2,,,,,227,0,6,0,1,12,177,269,4,4,1,3,0,5,,,,,
602,39,19,12.10.2017 19:30:00,229,228,2,,,,,228,1,5,0,4,11,234,305,4,4,1,3,0,3,,,,,
603,39,19,14.12.2017 19:30:00,229,230,2,,,,,230,0,6,0,2,12,205,289,4,4,1,3,0,3,,,,,
604,39,1,16.11.2017 20:00:00,230,226,2,,,,,230,6,0,0,12,0,252,116,4,4,3,1,0,3,,,,,
605,39,1,19.04.2018 20:00:00,230,227,2,,,,,227,2,4,0,5,9,249,234,4,4,1,3,0,8,,,,,
606,39,1,22.02.2018 20:00:00,230,228,2,,,,,-1,3,3,0,8,7,276,257,4,4,2,2,0,3,,,,,
607,39,1,21.03.2018 20:00:00,230,229,2,,,,,230,6,0,0,12,0,252,154,4,4,3,1,0,3,,,,,
608,39,19,29.01.2018 19:30:00,226,230,2,,,,,230,0,6,0,0,12,125,252,4,4,1,3,0,5,,,,,
609,41,28,24.09.2017 17:00:00,238,239,2,,,,,238,5,4,0,10,8,337,320,6,6,3,1,0,3,,,,,
610,41,28,05.11.2017 17:00:00,238,241,2,,,,,241,4,5,0,10,12,416,407,6,6,1,3,0,3,,,,,
611,41,28,21.01.2018 17:00:00,238,242,2,,,,,238,9,0,0,18,1,397,227,6,6,3,1,0,4,,,,,
612,41,28,08.10.2017 17:00:00,238,243,2,,,,,238,6,3,0,15,6,410,314,6,6,3,1,0,3,,,,,
613,41,28,28.01.2018 17:00:00,238,244,2,,,,,238,8,1,0,16,3,390,298,6,6,3,1,0,4,,,,,
614,41,18,11.01.2018 20:00:00,239,238,2,,,,,238,1,8,0,4,17,304,419,6,6,1,3,0,5,,,,,
615,41,18,10.05.2018 20:00:00,239,242,2,,,,,239,6,3,0,14,9,443,395,6,6,3,1,0,3,,,,,
616,41,18,22.02.2018 20:00:00,239,243,2,,,,,239,5,4,0,11,9,359,352,6,6,3,1,0,5,,,,,
617,41,18,12.04.2018 20:00:00,239,244,2,,,,,239,5,4,0,13,10,444,433,6,6,3,1,0,3,,,,,
619,41,1,07.03.2018 20:00:00,241,238,2,,,,,241,6,3,0,12,8,385,357,6,6,3,1,0,3,,,,,
622,41,1,14.02.2018 20:00:00,241,244,2,,,,,241,7,2,0,15,5,385,290,6,6,3,1,0,3,,,,,
623,41,1,06.12.2017 20:00:00,242,238,2,,,,,238,0,9,0,0,18,202,378,6,6,1,3,0,5,,,,,
625,41,1,27.09.2017 20:00:00,242,241,2,,,,,241,0,9,0,0,18,204,378,6,6,1,3,0,3,,,,,
627,41,1,31.01.2018 20:00:00,242,244,2,,,,,244,1,8,0,4,16,325,405,6,6,1,3,0,3,,,,,
628,41,25,09.02.2018 19:30:00,243,238,2,,,,,238,1,8,0,2,17,236,388,6,6,1,3,0,4,,,,,
629,41,25,20.10.2017 19:30:00,243,239,2,,,,,243,5,4,0,10,10,356,344,6,6,3,1,0,3,,,,,
630,41,25,01.12.2017 19:30:00,243,241,2,,,,,241,1,8,0,3,17,294,404,6,6,1,3,0,4,,,,,
631,41,25,23.03.2018 20:00:00,243,242,3,,,,,242,4,5,0,9,11,381,341,6,6,1,3,0,4,,,,,
632,41,25,12.01.2018 20:00:00,243,244,3,,,,,244,3,6,0,7,12,308,350,6,6,1,3,0,4,,,,,
633,41,17,20.11.2017 20:00:00,244,238,2,,,,,238,2,7,0,9,16,426,483,6,6,1,3,0,3,,,,,
634,41,17,04.12.2017 20:00:00,244,239,2,,,,,244,6,3,0,13,6,308,331,6,6,3,1,0,3,,,,,
635,41,17,16.10.2017 20:00:00,244,241,2,,,,,241,3,6,0,6,14,312,378,6,6,1,3,0,3,,,,,
636,41,17,30.10.2017 20:00:00,244,242,2,,,,,244,8,1,0,17,4,432,328,6,6,3,1,0,3,,,,,
638,41,17,06.11.2017 20:00:00,244,243,2,,,,,244,7,2,0,14,5,378,313,6,6,3,1,0,3,,,,,
639,40,1,01.10.2017 19:00:00,231,232,2,,,,,232,1,8,0,5,17,354,434,6,6,1,3,0,3,,,,,
640,40,1,21.01.2018 19:00:00,231,233,2,,,,,231,8,1,0,17,4,428,342,6,6,3,1,0,3,,,,,
641,40,1,18.02.2018 19:00:00,231,234,2,,,,,231,8,1,0,17,6,459,397,6,6,3,1,0,3,,,,,
642,40,1,05.11.2017 19:00:00,231,235,2,,,,,235,0,9,0,2,18,306,418,6,6,1,3,0,5,,,,,
643,40,1,25.03.2018 19:00:00,231,236,2,,,,,236,1,8,0,4,17,306,428,6,6,1,3,0,3,,,,,
644,40,1,18.03.2018 19:00:00,231,237,2,,,,,231,6,3,0,13,8,417,350,6,6,3,1,0,4,,,,,
645,40,17,06.02.2018 20:30:00,232,231,2,,,,,232,7,2,0,15,9,472,412,6,6,3,1,0,3,,,,,
646,40,17,30.01.2018 20:30:00,232,233,2,,,,,232,8,1,0,17,3,406,277,6,6,3,1,0,3,,,,,
647,40,17,24.10.2017 20:30:00,232,234,2,,,,,232,9,0,0,18,2,414,296,6,6,3,1,0,3,,,,,
648,40,17,27.03.2018 20:30:00,232,235,2,,,,,235,1,8,0,3,17,310,407,6,6,1,3,0,5,,,,,
649,40,17,23.01.2018 20:30:00,232,236,2,,,,,236,0,9,0,0,18,244,380,6,6,1,3,0,5,,,,,
650,40,17,21.11.2017 20:30:00,232,237,2,,,,,237,4,5,0,13,13,477,488,6,6,1,3,0,3,,,,,
651,40,20,05.04.2018 19:45:00,233,231,2,,,,,231,2,7,0,6,15,341,387,6,6,1,3,0,9,,,,,
652,40,20,15.03.2018 19:45:00,233,232,2,,,,,232,2,7,0,6,14,314,401,6,6,1,3,0,4,,,,,
653,40,20,28.09.2017 19:45:00,233,234,2,,,,,234,3,6,0,9,14,380,456,6,6,1,3,0,3,,,,,
654,40,20,29.03.2018 19:45:00,233,235,2,,,,,235,0,9,0,0,18,247,379,6,6,1,3,0,5,,,,,
655,40,20,22.02.2018 19:45:00,233,236,2,,,,,236,0,9,0,1,18,238,394,6,6,1,3,0,9,,,,,
656,40,20,08.02.2018 19:45:00,233,237,2,,,,,237,2,7,0,7,14,327,408,6,6,1,3,0,4,,,,,
657,40,1,15.10.2017 19:00:00,234,231,1,,,,,231,2,7,0,5,16,353,412,6,6,1,3,0,3,,,,,
658,40,1,11.03.2018 19:00:00,234,232,1,,,,,234,7,2,0,14,7,399,367,6,6,3,1,0,3,,,,,
659,40,1,19.11.2017 19:00:00,234,233,1,,,,,234,6,3,0,13,7,392,356,6,6,3,1,0,3,,,,,
660,40,1,26.11.2017 19:00:00,234,235,1,,,,,235,0,9,0,3,18,280,433,6,6,1,3,0,3,,,,,
661,40,1,04.03.2018 19:00:00,234,236,1,,,,,236,0,9,0,1,18,237,397,6,6,1,3,0,5,,,,,
662,40,1,08.10.2017 19:00:00,234,237,1,,,,,237,1,8,0,6,16,348,438,6,6,1,3,0,3,,,,,
663,40,23,10.01.2018 20:30:00,235,231,2,,,,,235,8,1,0,18,2,412,281,6,6,3,1,0,4,,,,,
664,40,23,13.12.2017 20:00:00,235,232,2,,,,,235,9,0,0,18,4,452,365,6,6,3,1,0,4,,,,,
665,40,23,21.03.2018 20:30:00,235,233,2,,,,,235,9,0,0,18,1,400,241,6,6,3,1,0,4,,,,,
666,40,23,03.01.2018 20:30:00,235,234,2,,,,,235,9,0,0,18,0,378,265,6,6,3,1,0,4,,,,,
667,40,23,31.01.2018 20:30:00,235,236,2,,,,,236,3,6,0,10,13,409,432,6,6,1,3,0,9,,,,,
668,40,23,01.11.2017 20:30:00,235,237,2,,,,,235,7,2,0,15,4,384,307,6,6,3,1,0,4,,,,,
669,40,24,09.10.2017 19:30:00,236,231,2,,,,,236,9,0,0,18,2,421,280,6,6,3,1,0,3,,,,,
670,40,24,06.11.2017 19:45:00,236,232,2,,,,,236,7,2,0,16,6,445,354,6,6,3,1,0,3,,,,,
671,40,24,23.04.2018 19:30:00,236,233,2,,,,,236,9,0,0,18,0,378,212,6,6,3,1,0,4,,,,,
672,40,24,15.01.2018 19:30:00,236,234,2,,,,,236,9,0,0,18,0,379,230,6,6,3,1,0,4,,,,,
673,40,24,18.12.2017 19:30:00,236,235,2,,,,,235,4,5,0,13,12,468,461,6,6,1,3,0,8,,,,,
674,40,24,13.11.2017 19:45:00,236,237,2,,,,,236,9,0,0,18,1,400,248,6,6,3,1,0,3,,,,,
675,40,1,13.03.2018 20:00:00,237,231,2,,,,,237,6,3,0,12,7,326,309,6,6,3,1,0,3,,,,,
676,40,1,26.04.2018 20:00:00,237,232,2,,,,,237,7,2,0,15,6,415,354,6,6,3,1,0,3,,,,,
677,40,1,19.04.2018 20:00:00,237,233,2,,,,,237,9,0,0,18,1,398,273,6,6,3,1,0,3,,,,,
678,40,1,27.02.2018 20:00:00,237,234,2,,,,,237,8,1,0,16,3,385,282,6,6,3,1,0,3,,,,,
679,40,1,23.01.2018 20:00:00,237,235,2,,,,,235,2,7,0,6,15,357,419,6,6,1,3,0,5,,,,,
680,40,1,07.12.2017 20:00:00,237,236,2,,,,,236,0,9,0,0,18,264,379,6,6,1,3,0,3,,,,,
681,37,19,09.10.2017 19:30:00,214,215,2,,,,,215,0,9,0,0,18,167,380,6,6,1,3,0,3,,,,,
682,37,19,26.02.2018 19:30:00,214,216,2,,,,,214,5,4,0,12,10,416,393,6,6,3,1,0,3,,,,,
683,37,19,13.11.2017 19:30:00,214,217,2,,,,,217,1,8,0,3,17,279,411,6,6,1,3,0,5,,,,,
684,37,19,05.02.2018 19:30:00,214,218,2,,,,,218,2,7,0,5,14,293,364,6,6,1,3,0,5,,,,,
685,37,19,30.10.2017 19:30:00,214,219,2,,,,,219,1,8,0,3,17,304,411,6,6,1,3,0,3,,,,,
686,37,1,17.01.2018 20:00:00,215,214,2,,,,,215,9,0,0,18,0,378,157,6,6,3,1,0,3,,,,,
687,37,1,13.09.2017 20:00:00,215,216,2,,,,,215,8,1,0,17,3,410,243,6,6,3,1,0,3,,,,,
696,37,1,18.10.2017 20:00:00,216,214,2,,,,,216,8,1,0,17,2,406,295,6,6,3,1,0,3,,,,,
698,37,20,05.10.2017 19:45:00,217,214,2,,,,,217,9,0,0,18,1,398,249,6,6,3,1,0,3,,,,,
699,37,20,19.10.2017 19:45:00,217,215,2,,,,,215,1,8,0,3,16,259,389,6,6,1,3,0,3,,,,,
700,37,20,26.04.2018 19:45:00,217,216,2,,,,,217,9,0,0,18,1,399,256,6,6,3,1,0,1,,,,,
701,37,20,12.10.2017 19:45:00,217,218,2,,,,,217,6,3,0,13,8,405,332,6,6,3,1,0,3,,,,,
702,37,20,11.01.2018 19:45:00,217,219,2,,,,,219,3,6,0,8,14,397,415,6,6,1,3,0,4,,,,,
703,37,25,29.09.2017 20:00:00,218,214,3,,,,,218,9,0,0,18,2,407,290,6,6,3,1,0,3,,,,,
704,37,25,26.01.2018 20:00:00,218,215,3,,,,,215,3,6,0,7,14,336,418,6,6,1,3,0,4,,,,,
705,37,25,03.11.2017 20:00:00,218,216,3,,,,,218,7,2,0,14,5,380,300,6,6,3,1,0,4,,,,,
706,37,25,08.12.2017 20:00:00,218,217,3,,,,,217,3,6,0,7,14,359,409,6,6,1,3,0,9,,,,,
707,37,25,09.03.2018 20:00:00,218,219,3,,,,,219,3,6,0,7,14,345,394,6,6,1,3,0,9,,,,,
708,37,1,14.03.2018 20:00:00,219,214,2,,,,,219,9,0,0,18,0,378,211,6,6,3,1,0,3,,,,,
709,37,1,28.02.2018 20:00:00,219,215,2,,,,,215,0,9,0,3,18,336,431,6,6,1,3,0,8,,,,,
710,37,1,07.02.2018 20:00:00,219,216,2,,,,,219,9,0,0,18,3,451,338,6,6,3,1,0,3,,,,,
711,37,1,08.11.2017 20:00:00,219,217,2,,,,,219,6,3,0,14,10,453,412,6,6,3,1,0,3,,,,,
712,37,1,29.11.2017 20:00:00,219,218,2,,,,,219,8,1,0,16,6,442,364,6,6,3,1,0,5,,,,,
713,36,28,29.04.2018 17:00:00,207,208,2,,,,,208,2,7,0,7,15,360,429,6,6,1,3,0,2,,,,,
714,36,28,10.09.2017 17:00:00,207,209,2,,,,,207,7,2,0,15,6,421,366,6,6,3,1,0,3,,,,,
715,36,28,15.10.2017 17:00:00,207,210,2,,,,,210,2,7,0,5,15,327,394,6,6,1,3,0,3,,,,,
716,36,28,11.03.2018 17:00:00,207,211,2,,,,,211,1,8,0,4,17,327,415,6,6,1,3,0,2,,,,,
717,36,28,14.01.2018 17:00:00,207,212,2,,,,,212,3,6,0,11,13,431,441,6,6,1,3,0,3,,,,,
718,36,28,03.05.2018 20:00:00,207,213,2,,,,,207,7,2,0,15,7,438,376,6,6,3,1,0,3,,,,,
719,36,17,10.10.2017 20:30:00,208,207,2,,,,,208,7,2,0,15,5,402,336,6,6,3,1,0,3,,,,,
720,36,17,03.04.2018 20:30:00,208,209,2,,,,,208,8,1,0,17,3,407,317,6,6,3,1,0,4,,,,,
721,36,17,05.12.2017 20:30:00,208,210,2,,,,,210,2,7,0,7,14,367,411,6,6,1,3,0,5,,,,,
722,36,17,13.02.2018 20:30:00,208,211,2,,,,,211,3,6,0,7,13,356,394,6,6,1,3,0,5,,,,,
723,36,17,24.04.2018 20:30:00,208,212,2,,,,,212,2,7,0,5,15,305,401,6,6,1,3,0,1,,,,,
724,36,17,28.11.2017 20:30:00,208,213,2,,,,,213,3,6,0,9,12,376,383,6,6,1,3,0,5,,,,,
725,36,1,18.03.2018 19:00:00,209,207,1,,,,,207,4,5,0,10,11,345,404,6,6,1,3,0,3,,,,,
726,36,1,12.11.2017 19:00:00,209,208,1,,,,,208,0,9,0,1,18,237,394,6,6,1,3,0,3,,,,,
727,36,1,04.02.2018 19:00:00,209,210,1,,,,,210,0,9,0,1,18,259,394,6,6,1,3,0,8,,,,,
728,36,1,28.01.2018 19:00:00,209,211,1,,,,,211,1,8,0,2,17,285,391,6,6,1,3,0,5,,,,,
729,36,1,05.11.2017 19:00:00,209,212,1,,,,,212,2,7,0,5,15,320,371,6,6,1,3,0,3,,,,,
730,36,1,21.01.2018 19:00:00,209,213,1,,,,,213,2,7,0,4,15,296,396,6,6,1,3,0,9,,,,,
731,36,23,17.01.2018 20:30:00,210,207,2,,,,,210,7,2,0,16,4,409,308,6,6,3,1,0,9,,,,,
732,36,23,18.04.2018 20:30:00,210,208,2,,,,,210,6,3,0,13,7,391,320,6,6,3,1,0,9,,,,,
733,36,23,04.10.2017 20:30:00,210,209,2,,,,,210,9,0,0,18,0,381,248,6,6,3,1,0,3,,,,,
734,36,23,15.11.2017 20:30:00,210,211,2,,,,,210,5,4,0,14,10,473,451,6,6,3,1,0,9,,,,,
735,36,23,06.03.2018 20:30:00,210,212,2,,,,,210,9,0,0,18,4,458,369,6,6,3,1,0,1,,,,,
736,36,23,14.03.2018 20:30:00,210,213,2,,,,,210,9,0,0,18,2,412,269,6,6,3,1,0,9,,,,,
737,36,24,27.11.2017 19:30:00,211,207,2,,,,,211,7,2,0,15,4,373,271,6,6,3,1,0,3,,,,,
738,36,24,19.03.2018 19:45:00,211,208,2,,,,,208,4,5,0,11,10,403,403,6,6,1,3,0,3,,,,,
739,36,24,08.01.2018 19:30:00,211,209,2,,,,,211,8,1,0,16,3,391,283,6,6,3,1,0,9,,,,,
740,36,24,19.02.2018 19:30:00,211,210,2,,,,,211,8,1,0,16,4,405,335,6,6,3,1,0,8,,,,,
741,36,24,30.04.2018 19:45:00,211,212,2,,,,,212,3,6,0,6,12,295,356,6,6,1,3,0,3,,,,,
742,36,24,05.02.2018 19:45:00,211,213,2,,,,,211,8,1,0,16,5,418,340,6,6,3,1,0,9,,,,,
743,36,1,22.03.2018 20:00:00,212,207,2,,,,,212,8,1,0,16,4,394,318,6,6,3,1,0,3,,,,,
744,36,1,09.01.2018 20:00:00,212,208,2,,,,,212,5,4,0,12,9,382,365,6,6,3,1,0,3,,,,,
745,36,1,10.04.2018 20:00:00,212,209,2,,,,,212,9,0,0,18,1,390,265,6,6,3,1,0,3,,,,,
746,36,1,28.11.2017 20:00:00,212,210,2,,,,,210,3,6,0,7,14,350,398,6,6,1,3,0,5,,,,,
747,36,1,17.04.2018 20:00:00,212,211,2,,,,,212,6,3,0,15,10,496,439,6,6,3,1,0,3,,,,,
748,36,1,20.03.2018 20:00:00,212,213,2,,,,,212,9,0,0,18,2,416,266,6,6,3,1,0,3,,,,,
749,36,26,28.03.2018 19:30:00,213,207,3,,,,,207,3,6,0,7,14,363,391,6,6,1,3,0,3,,,,,
750,36,26,02.03.2018 20:00:00,213,208,3,,,,,208,2,7,0,6,14,301,392,6,6,1,3,0,3,,,,,
751,36,26,18.04.2018 20:00:00,213,209,3,,,,,213,7,2,0,16,5,406,331,6,6,3,1,0,4,,,,,
752,36,26,16.05.2018 20:00:00,213,210,3,,,,,210,0,9,0,2,18,320,409,6,6,1,3,0,8,,,,,
753,36,26,30.01.2018 20:00:00,213,211,3,,,,,211,2,7,0,6,15,319,415,6,6,1,3,0,8,,,,,
754,36,26,17.11.2017 20:00:00,213,212,3,,,,,212,3,6,0,8,14,402,417,6,6,1,3,0,4,,,,,
756,41,18,15.03.2018 20:00:00,239,241,2,,,,,241,1,8,0,4,17,354,422,6,6,1,3,0,3,,,,,
758,41,1,18.09.2017 20:00:00,241,242,2,,,,,241,9,0,0,18,1,398,239,6,6,3,1,0,3,,,,,
759,37,1,25.09.2017 20:00:00,216,215,2,,,,,215,0,9,0,0,18,212,379,6,6,1,3,0,3,,,,,
760,41,1,02.10.2017 20:00:00,241,239,2,,,,,241,8,1,0,17,3,412,249,6,6,3,1,0,3,,,,,
761,37,1,30.10.2017 20:00:00,215,218,2,,,,,215,9,0,0,18,2,408,290,6,6,3,1,0,3,,,,,
762,41,1,06.11.2017 20:00:00,242,239,2,,,,,239,4,5,0,9,13,405,417,6,6,1,3,0,3,,,,,
763,41,1,20.11.2017 20:00:00,242,243,2,,,,,243,4,5,0,8,12,367,373,6,6,1,3,0,5,,,,,
764,37,1,04.12.2017 20:00:00,215,219,2,,,,,215,8,1,0,17,2,389,267,6,6,3,1,0,3,,,,,
765,37,1,23.04.2018 20:00:00,216,219,2,,,,,219,2,7,0,5,15,279,401,6,6,1,3,0,2,,,,,
766,37,1,15.01.2018 20:00:00,216,217,2,,,,,217,1,8,0,3,16,311,382,6,6,1,3,0,3,,,,,
767,41,1,22.01.2018 20:00:00,241,243,2,,,,,241,9,0,0,18,1,395,250,6,6,3,1,0,5,,,,,
768,37,1,19.02.2018 20:00:00,216,218,2,,,,,218,4,5,0,9,10,339,372,6,6,1,3,0,5,,,,,
769,37,1,05.02.2018 20:00:00,215,217,2,,,,,215,8,1,0,16,2,365,242,6,6,3,1,0,3,,,,,
